타임스탬프,성별은 어떻게 되시나요?,졸업 여부는?,입학년도가 어떻게 되시나요? (학번 앞 네자리),현재 대학원생 인가요? ,Q1) 입학 당시 희망 진로가 있었나요?,Q1-1) 입학 당시 희망 진로는? (복수응답 가능),Q2) 현재 희망 진로가 있나요?,Q2-1) 현재 희망 진로는? (복수응답 가능),Q2-2) 현재 희망 진로가 없다면 그 이유는 무엇인가요? (복수 응답 가능),"Q3) 입학당시와 현재의 희망진로가 다르다면, 그 이유가 무엇인가요?  (다르지 않을 경우 ‘다르지 않음’ 이라고 작성 후 그 이유도 서술해주세요)",Q4) 평소 진로에 있어서 고민이 있다면 무엇인가요? (복수 응답 가능),Q5) 평소 진로 관련 고민을 어떤 방식으로 해결하나요? (복수 응답 가능),Q6) 진로를 선택할 때 중요하게 생각하는 가치는?  [1순위],Q6) 진로를 선택할 때 중요하게 생각하는 가치는?  [2순위],Q6) 진로를 선택할 때 중요하게 생각하는 가치는?  [3순위],"Q7) 희망 진로를 위해 현재 준비하고 있는 일이 있나요? (ex 어학, 학점, 대내외 교외활동, 스터디 등)",Q7-1) 희망 진로를 위해 현재 준비하고 있는 일이 무엇인가요? (복수 응답 가능),Q7-2) 현재 준비하고 있는 일이 없다면 그 이유는 무엇인가요? (복수 응답 가능),Q8) 문헌정보학 전공자가 가질 수 있는 진로에는 어떤 것이 있다고 생각하나요? (자유롭게 서술해 주세요),Q9) 다전공 이수의 장점은? (복수 선택 가능),Q10) 다전공 이수의 단점은? (복수 선택 가능),"Q11) 현재 이수 중인 다전공(복수, 융합, 연계, 부전공, 자기설계)이 있습니까? ","Q11-1-1) 이수 중인 다전공은? (문헌정보 복전생일 경우, 주전공을 적어주시면 됩니다)",Q11-1-2) 해당 다전공을 선택한 이유는 무엇인가요?,Q11-1-3) 다전공을 이수하면서 겪은 어려움 혹은 문제가 있다면 무엇인가요?,Q12) 문헌정보학과 교육과정에서 가장 흥미있는 주제는? ,Q13) 본 학과에 추가로 개설 되었으면 하는 교육과정이 있나요?,Q14)  대학원 진학을 고려하고 있나요? ,Q14-1-1) 어떤 대학원에 진학할 생각이신가요? (복수 응답 가능),Q14-1-2) 예상 대학원 진학 시기는?,Q14-1-3) 대학원 진학의 목적은 무엇인가요? (복수 응답 가능),Q14-2) 대학원 입학을 고려하지 않는 이유는? (복수 응답 가능),Q15) 향후 가장 근무하고 싶은 분야가 어디인가요?,Q15-1) 희망 직종은 무엇인가요? (복수 응답 가능),Q15-2) 근무하고 싶은 도서관 유형은? (복수 선택 가능) ,Q15-3) 희망 직무 계열은 무엇인가요? ,Q16) 희망 연봉 수준은 어느 정도인가요?,Q17) 예상 취업 준비 기간은 어느 정도로 생각하시나요? ,"Q18) 본 학과에 취업 강화 프로그램이 필요하다면, 어떤 것이 필요하다고 생각하나요?",Q19) 평소 취업 관련 정보를 얻는 방법은 무엇인가요? (복수 응답 가능) ,Q20) 현재 문헌정보학과에서 취업을 위한 정보 공유가 적절히 이루어지고 있다고 생각하시나요?,"Q21) 재학생들에게 취업정보를 제공한다면, 어떤 방법을 선호하나요?  (복수 응답 가능)",Q22) 재학생들과 졸업생들이 정보 교류를 하기에 어떤 방법이 적절하다고 생각하시나요? (복수응답 가능),졸업연도는? (연도 숫자만 적어주세요),현재 취직을 하셨나요? ,Q1) 현재 근무 중인 분야가 어디인가요? ,Q1-1) 근무지는 어디인가요?,Q1-2) 직무 내용은 무엇인가요?,Q1-3) 직무 계열이 무엇인가요?,Q2) 직무 만족도는 어떠한가요?,Q3) 현재 직무의 연봉 수준은 어느정도 인가요?,Q4) 취직 전(학부시절 포함) 진로 선택에 있어 중요시했던 가치는 무엇인가요? [1순위],Q4) 취직 전(학부시절 포함) 진로 선택에 있어 중요시했던 가치는 무엇인가요? [2순위],Q4) 취직 전(학부시절 포함) 진로 선택에 있어 중요시했던 가치는 무엇인가요? [3순위],Q5) 취직 전후로 직업 가치관의 변화가 있었나요?,취직 후  중요시 하게 된 가치는 무엇인가요? [1순위],취직 후  중요시 하게 된 가치는 무엇인가요? [2순위],취직 후  중요시 하게 된 가치는 무엇인가요? [3순위],Q6) 취업 준비기간은 어떻게 되시나요? ,Q7) 과거 취업을 위해 어떤 준비를 하셨나요? (복수 응답 가능),Q8) 과거 취업 준비 시 힘든 것이 무엇이었습니까? (복수 응답 가능),Q9) 현재의 근무지를 본 학과 후배들에게 추천할 의향이 있나요?,Q10) 대학원에 진학하셨나요? (전공 및 학교 무관),Q10-1-1) 어떤 대학원에 진학하셨나요?,Q10-1-2) 대학원 진학 시기는 언제인가요?,Q10-1-3) 대학원 진학의 목적은 무엇이었나요? (복수 응답 가능),Q10-2-1) 대학원 진학을 고려하지 않은 이유는 무엇이었나요? (복수 응답 가능),Q10-2-2) 향후 대학원을 진학할 의향이 있으신가요?,Q10-2-3) 진학할 의향이 있다면 어떤 대학원에 진학할 생각이신가요? (복수 응답 가능),Q11) 취직에 다전공 이수가 유리하다고 생각하시나요?,Q12) 다전공 이수의 장점은? (복수 선택 가능),Q13) 다전공 이수의 단점은? (복수 선택 가능),Q14) 재학 당시 다전공을 이수했나요?,"Q14-1-1)재학당시 이수 한 다전공은 무엇인가요? (문헌정보 복전생일 경우, 주전공을 적어주시면 됩니다)",Q14-1-2)이수한 다전공을 선택한 이유는 무엇입니까?,Q14-1-3) 다전공을 이수하면서 겪은 어려움 혹은 문제가 있었다면 무엇인가요?,Q14-2) 재학 당시 다전공을 이수하지 않은 이유가 무엇입니까?,Q15) 문헌정보학 전공자가 가질 수 있는 진로에는 어떤 것이 있다고 생각하시나요?,"Q16) 본 학과에 취업 강화 프로그램이 필요하다면, 어떤 것이 필요하다고 생각하시나요?",Q17) 문헌정보학과 교육과정에서 가장 흥미있는 주제는 무엇이었나요? ,Q18) 문헌정보학과 재학 당시 배웠으면 좋았을 것 같은 교과 과정이 있다면 무엇인가요? ,Q19) 문헌정보학과에서 취업을 위한 정보공유가 적절히 이루어졌다고 생각하시나요?,Q20) 재학생들과 졸업생들이 정보 교류를 하기에 어떤 방법이 적절하다고 생각하시나요? (복수응답 가능),Q1) 희망 근무 분야가 어디인가요?,Q1-1) 희망 근무지는 어디인가요?,Q1-2) 희망 직무 내용은 무엇인가요? (복수 응답 가능),Q1-3) 희망 직무 계열이 무엇인가요?,Q2) 희망 연봉 수준은 어느정도 인가요?,Q3) 예상 취업 준비 기간은 어느 정도로 생각하시나요? ,Q4) 현재 취업을 위해 어떤 준비를 하고 계시나요? (복수 응답 가능),Q5) 현재 취업 준비 중에 가장 힘든 것은 무엇인가요? (복수 응답 가능),Q6) 진로를 선택할 때 중요하게 생각하는 가치가 무엇인가요? [1순위],Q6) 진로를 선택할 때 중요하게 생각하는 가치가 무엇인가요? [2순위],Q6) 진로를 선택할 때 중요하게 생각하는 가치가 무엇인가요? [3순위],Q7) 대학원에 진학하셨나요?,Q7-1-1) 어떤 대학원에 진학하셨나요?,Q7-1-2) 대학원 진학 시기는 언제인가요?,Q7-1-3) 대학원 진학의 목적은 무엇이었나요? (복수 응답 가능),Q7-2-1)대학원 진학을 고려하지 않은 이유는 무엇인가요? (복수 응답 가능),Q7-2-2) 향후 대학원에 진학할 의향이 있으신가요?,Q7-2-3) 진학할 의향이 있다면 어떤 대학원에 진학할 생각이신가요? (복수 응답 가능),Q8) 취직에 다전공 이수가 유리하다고 생각하시나요?,Q9) 다전공 이수의 장점은? (복수 선택 가능).1,Q10) 다전공 이수의 단점은? (복수 선택 가능).1,Q11) 재학 당시 다전공을 이수하셨나요?,"Q11-1-1) 재학 당시 이수한 다전공은 무엇인가요? (문헌정보 복전생일 경우, 주전공을 적어주시면 됩니다)",Q11-1-2) 이수한 다전공을 선택한 이유는 무엇인가요?,Q11-1-3) 다전공을 이수하면서 겪은 어려움 혹은 문제가 있었다면 무엇인가요?,Q11-2) 재학 당시 다전공을 이수하지 않은 이유는 무엇인가요?,Q12) 문헌정보학 전공자가 가질 수 있는 진로에는 어떤 것이 있다고 생각하시나요?,"Q13) 본 학과에 취업 강화 프로그램이 필요하다면, 어떤 것이 필요하다고 생각하시나요?",Q14) 문헌정보학과 교육과정에서 가장 흥미있는 주제는 무었이었나요? ,Q15) 문헌정보학과 재학 당시 배웠으면 좋았을 것 같은 교과 과정이 있다면 무엇인가요?,Q16) 문헌정보학과에서 취업을 위한 정보공유가 적절히 이루어졌다고 생각하시나요?,Q17) 재학생들과 졸업생들이 정보교류를 하기에 어떤 방법이 적절하다고 생각하시나요? (복수응답 가능)
2021/02/15 5:28:43 오후 GMT+9,여성,재학생 (대학원생 포함),2019,아니오,아니오,,예,일반 사기업,,입학 당시 희망진로 없었음,관심분야가 무엇인지 모르겠다,친구들과 의논한다;혼자 고민한다,급여수준,워라밸,사회적 인식,아니오,,준비의 필요성을 느끼지 못해서,대표적으로 사서가 있겠고 그 외에는 매우 다양한 직업을 가질 수 있다고 들었음,다양한 학문을 접할 수 있는 기회,학습량 부담;시간적 부담 (추가학기 가능성),예,"융합전공, 소프트웨어인문사회",내가 그나마 제일 흥미있게 공부할 수 있는 분야라고 생각,없음,"정보학 (데이터 사이언스 개론, 정보검색론, 정보학개론 등)",,아니오,,,,연구에 관심 없음,사기업,경영/사무;서비스,,,5500만원 이상,1년,,"민간 채용정보 사이트 (잡코리아, 사람인 등)",그렇다,학과 단톡,오픈채팅방(카카오톡 등),,,,,,,,,,,,,,,,,,,,,,,,,,,,,,,,,,,,,,,,,,,,,,,,,,,,,,,,,,,,,,,,,,,,,,,,
2021/02/15 8:53:08 오후 GMT+9,여성,재학생 (대학원생 포함),2016,예 (2021년 입학예정 포함),예,사서,예,사서;대학교 (교수 및 직원),,다르지 않음 / X,"진로에 대한 생각은 하고 있는데, 뚜렷한 방향을 잡을 수 없다",교수님께 상담 신청을 한다;인터넷 검색을 한다,적성과 흥미,자아실현,급여수준,아니오,,아직 준비하기에 이르다고 생각해서,사서/데이터사이언티스트/출판사 관련 직종/ 학술지 관련 직종,다양한 학문을 접할 수 있는 기회;취업 선택의 폭 확장,학습량 부담;시간적 부담 (추가학기 가능성),아니요,,,,"정보서비스 (정보서비스론, 정보시스템구축론 등)",출판 관련,예 (현재 대학원 재학 중일 경우도 포함),자대 문헌정보학과,졸업 후 바로,취업준비;전문성 강화,,사서직,,대학도서관,,3500만원 이상 4000만원 미만,1년 이내,,"민간 채용정보 사이트 (잡코리아, 사람인 등);인터넷 포털 사이트 (네이버, 다음 등)",아니다,학과 홈페이지;메일 (개인 이메일을 통한 취업 정보 공유);졸업생과 재학생의 정기적 만남,오픈채팅방(카카오톡 등);학과 홈페이지,,,,,,,,,,,,,,,,,,,,,,,,,,,,,,,,,,,,,,,,,,,,,,,,,,,,,,,,,,,,,,,,,,,,,,,,
2021/02/15 8:59:22 오후 GMT+9,여성,재학생 (대학원생 포함),2020,예 (2021년 입학예정 포함),예,사서;일반 사기업;공기업;공무원,예,사서;일반 사기업;공기업;공무원,,다르지 않음. 문헌정보학과 학생으로서 관련 진로에 대한 정보가 제한적으로 제공되었다고 생각,"진로에 대한 정보를 얻을 곳이 없다;진로에 대한 생각은 하고 있는데, 뚜렷한 방향을 잡을 수 없다",친구들과 의논한다;인터넷 검색을 한다;학교 취업 상담 센터를 활용한다;혼자 고민한다,급여수준,적성과 흥미,고용안정성,예,"학업성적;실습, 인턴",,"사서, 사서공무원, 사서교사, 공기업, 사기업, 교수",다양한 학문을 접할 수 있는 기회;취업 선택의 폭 확장,학점 부담;학습량 부담;시간적 부담 (추가학기 가능성),아니요,,,,"도서관경영 (도서관 경영론, 도서관 마케팅론 등)",,예 (현재 대학원 재학 중일 경우도 포함),타대 문헌정보학과,졸업 후 4년 이후,취업준비;전문성 강화,,사서직,,"국가도서관 (국회, 국립중앙, 법원 도서관);공공도서관 (지자체, 교육청 소속 도서관 등);대학도서관",,3000만원 이상 3500만원 미만,1년 이내,,"민간 채용정보 사이트 (잡코리아, 사람인 등);정부 채용정보 사이트 (위크넷, 월드잡 등);인터넷 포털 사이트 (네이버, 다음 등)",아니다,학과 인스타그램;학과 홈페이지;메일 (개인 이메일을 통한 취업 정보 공유);학과 단톡;직업 관련 강연,오픈채팅방(카카오톡 등);학과 홈페이지;학과 인스타그램,,,,,,,,,,,,,,,,,,,,,,,,,,,,,,,,,,,,,,,,,,,,,,,,,,,,,,,,,,,,,,,,,,,,,,,,
2021/02/15 9:04:43 오후 GMT+9,여성,재학생 (대학원생 포함),2019,예 (2021년 입학예정 포함),예,사서;대학교 (교수 및 직원);데이터 전문가;일반 사기업;공기업,예,사서;대학교 (교수 및 직원);데이터 전문가;일반 사기업;공기업,,다르지 않음,"진로에 대한 정보를 얻을 곳이 없다;진로에 대한 생각은 하고 있는데, 뚜렷한 방향을 잡을 수 없다",친구들과 의논한다;교수님께 상담 신청을 한다;인터넷 검색을 한다,적성과 흥미,급여수준,워라밸,예,학업성적;각종 자격증 취득;어학 준비,,연구직,다양한 학문을 접할 수 있는 기회;취업 선택의 폭 확장,전문성 약화,아니요,,,,"자료조직 (멀티미디어데이터관리, 메타데이터구조론, 문헌분류론, 자료조직연습 등)",,예 (현재 대학원 재학 중일 경우도 포함),타대 문헌정보학과,졸업 후 1년 이후 2년 미만,자기계발;취업준비;전문성 강화,,사서직,,"국가도서관 (국회, 국립중앙, 법원 도서관);대학도서관",,3000만원 이상 3500만원 미만,1년 이내,,"민간 채용정보 사이트 (잡코리아, 사람인 등);정부 채용정보 사이트 (위크넷, 월드잡 등);인터넷 포털 사이트 (네이버, 다음 등)",아니다,졸업생과 재학생의 정기적 만남;직업 관련 강연,오픈채팅방(카카오톡 등);재학생/졸업생 비대면 만남 (ZOOM 등);재학생/졸업생 대면 만남,,,,,,,,,,,,,,,,,,,,,,,,,,,,,,,,,,,,,,,,,,,,,,,,,,,,,,,,,,,,,,,,,,,,,,,,
2021/02/15 9:15:02 오후 GMT+9,남성,재학생 (대학원생 포함),2019,예 (2021년 입학예정 포함),예,데이터 전문가;개발자 (프로그래머),예,데이터 전문가;개발자 (프로그래머),,"다르지 않음
처음부터 정보학 전공으로 진학했기 때문에",진로에 대한 정보를 얻을 곳이 없다;내가 하고있는 공부로 해당 분야에 종사할 정도의 전문성을 갖출수 있을지 고민이다,인터넷 검색을 한다,급여수준,적성과 흥미,워라밸,예,딥러닝 관련으로 공부중,,최근 트렌드에 맞추면 데이터 전문가 쪽도 가능하다,다양한 학문을 접할 수 있는 기회;취업 선택의 폭 확장,학점 부담;시간적 부담 (추가학기 가능성),아니요,,,,"정보학 (데이터 사이언스 개론, 정보검색론, 정보학개론 등)",,예 (현재 대학원 재학 중일 경우도 포함),자대 문헌정보학과,군 복무 끝낸후 바로,취업준비,,사기업,IT/인터넷,,,3500만원 이상 4000만원 미만,1년,,"민간 채용정보 사이트 (잡코리아, 사람인 등)",보통이다,메일 (개인 이메일을 통한 취업 정보 공유),재학생/졸업생 비대면 만남 (ZOOM 등),,,,,,,,,,,,,,,,,,,,,,,,,,,,,,,,,,,,,,,,,,,,,,,,,,,,,,,,,,,,,,,,,,,,,,,,
2021/02/15 9:26:28 오후 GMT+9,여성,졸업생,,,,,,,,,,,,,,,,,,,,,,,,,,,,,,,,,,,,,,,,,,2002.0,예,사서직,"공공도서관 (지자체, 교육청 소속 도서관 등)",,,만족,5000만원 이상 5500만원 미만,고용안정성,적성과 흥미,사회적 인식,아니오,,,,1년 이내,"각종 자격증 취득;실습, 인턴",고용 기회 부족,그렇지 않다,예,타대 문헌정보학과,졸업 후 4년 이후,전문성 강화,,,,그렇다,다양한 학문을 접할 수 있는 기회,전문성 약화,아니오,,,,흥미있는 전공이 없었음.,"사서, 연구원, 데이터분석, 독서전문가 등",현장 실습(3개월 이상),"도서관경영 (도서관 경영론, 도서관 마케팅론 등)","신규 사업 기획,  디자인 기획(프로크리에이트)",그렇지 않다,재학생/졸업생 비대면 만남 (ZOOM 등);재학생/졸업생 대면 만남;학과 인스타그램,,,,,,,,,,,,,,,,,,,,,,,,,,,,,,,,
2021/02/15 10:11:07 오후 GMT+9,여성,재학생 (대학원생 포함),2020,예 (2021년 입학예정 포함),예,사서;대학교 (교수 및 직원),예,사서;대학교 (교수 및 직원),,다르지 않음. (희망진로로 인해 입학하였기 때문에),고민이 없다,친구들과 의논한다;인터넷 검색을 한다,고용안정성,급여수준,워라밸,아니오,,재직중이어서,"사서, 기록관리사, 데이터 분석 및 관리직",다양한 학문을 접할 수 있는 기회;취업 선택의 폭 확장,학습량 부담;시간적 부담 (추가학기 가능성),아니요,,,,"정보서비스 (정보서비스론, 정보시스템구축론 등)",아니요,예 (현재 대학원 재학 중일 경우도 포함),자대 문헌정보학과,졸업 후 2년 이후 3년 미만,취업준비;전문성 강화,,사서직,,대학도서관,,4000만원 이상 4500만원 미만,1년 이내,선배들과의 만남을 통해 현직 업무 파악,"민간 채용정보 사이트 (잡코리아, 사람인 등)",보통이다,메일 (개인 이메일을 통한 취업 정보 공유);직업 관련 강연,오픈채팅방(카카오톡 등);재학생/졸업생 대면 만남,,,,,,,,,,,,,,,,,,,,,,,,,,,,,,,,,,,,,,,,,,,,,,,,,,,,,,,,,,,,,,,,,,,,,,,,
2021/02/15 11:02:35 오후 GMT+9,여성,재학생 (대학원생 포함),2020,예 (2021년 입학예정 포함),예,대학교 (교수 및 직원),아니오,,본인이 아직 뭘 잘하는지 잘 모름,희망진로 없음,관심분야가 무엇인지 모르겠다,친구들과 의논한다;선배들과 의논한다;교수님께 상담 신청을 한다,적성과 흥미,사회적 인식,급여수준,예,학업성적;어학 준비,,"대학교 직원, 사서 ",다양한 학문을 접할 수 있는 기회;취업 선택의 폭 확장,학점 부담;학습량 부담;시간적 부담 (추가학기 가능성),아니요,,,,"도서관경영 (도서관 경영론, 도서관 마케팅론 등)",없음,예 (현재 대학원 재학 중일 경우도 포함),자대 문헌정보학과,졸업 후 취직 이후,자기계발;취업준비,,공기업,경영/사무;유통/판매;영업/고객상담;서비스,,,3500만원 이상 4000만원 미만,1년,실습,"민간 채용정보 사이트 (잡코리아, 사람인 등);인터넷 포털 사이트 (네이버, 다음 등);본교 취업지원 센터 및 레인보우 시스템",매우 그렇다,학과 홈페이지;메일 (개인 이메일을 통한 취업 정보 공유);학과 단톡,오픈채팅방(카카오톡 등);재학생/졸업생 비대면 만남 (ZOOM 등);학과 홈페이지,,,,,,,,,,,,,,,,,,,,,,,,,,,,,,,,,,,,,,,,,,,,,,,,,,,,,,,,,,,,,,,,,,,,,,,,
2021/02/16 2:27:57 오전 GMT+9,여성,재학생 (대학원생 포함),2016,예 (2021년 입학예정 포함),예,사서;사서 교사;출판업;데이터 전문가;일반 사기업;공기업,예,데이터 전문가;일반 사기업;공기업,,자신의 적성과 맞는 것을 알아가는 과정을 거쳤기 때문에 희망진로를 좁혔다.,"관심분야가 무엇인지 모르겠다;진로에 대한 생각은 하고 있는데, 뚜렷한 방향을 잡을 수 없다",친구들과 의논한다;교수님께 상담 신청을 한다;혼자 고민한다,적성과 흥미,고용안정성,급여수준,예,"교내활동(동아리, 학생회, 학회, 스터디 등)",,"사서와 데이터 전문가 이외의 것에도 자신이 가지고 있는 개성을 살린다면 모든 곳에 다 적용할 수 있다고 생각합니다. 특히 기획과 마케팅 분야에서 데이터, 정보에 대한 수요가 높아졌다고 생각합니다.",다양한 학문을 접할 수 있는 기회;취업 선택의 폭 확장,학점 부담;시간적 부담 (추가학기 가능성),예,자기설계전공,흥미있던 분야를 얕고 넓게 다 공부해보고 싶어서 여러 전공을 구분없이 듣고자 했습니다.,"일단 제 경우엔 쉽게 자기설계가 통과됐지만, 다른 친구들의 경우 자기설계 통과부터 안되는 경우도 있었습니다. 그리고 통과 이후에도 주전공 시간표와 적절히 분배하여 학점관리하는 것이 어렵고, 자기설계는 수강신청시 타부로 들어가기 때문에 경쟁률이 높아 수강신청이 어렵다는 단점이 있습니다.","정보학 (데이터 사이언스 개론, 정보검색론, 정보학개론 등)","통계 관련 수업이 개설되면, 데이터분석과정 뿐 만아니라 사회생활에 있어서 큰 도움이 될거라 생각합니다.",예 (현재 대학원 재학 중일 경우도 포함),자대 문헌정보학과,졸업 후 바로,자기계발;취업준비;전문성 강화,,공기업,경영/사무;IT/인터넷,,,3500만원 이상 4000만원 미만,1년,,"민간 채용정보 사이트 (잡코리아, 사람인 등);본교 취업지원 센터 및 레인보우 시스템",아니다,학과 인스타그램;학과 홈페이지;학과 단톡,오픈채팅방(카카오톡 등);재학생/졸업생 비대면 만남 (ZOOM 등),,,,,,,,,,,,,,,,,,,,,,,,,,,,,,,,,,,,,,,,,,,,,,,,,,,,,,,,,,,,,,,,,,,,,,,,
2021/02/16 8:27:19 오전 GMT+9,남성,재학생 (대학원생 포함),2016,아니오,아니오,,예,공기업,,"입학당시에는 진로가 없었지만 3학년 당시에는 데이터 관련 분야로 진로를 정하고 관련 동아리활동을 했습니다. 그러나 코로나 이후에 동아리활동에 지장이 많이 생겨서 나오게 되었고, 취업이 쉽지 않게 되었다는 소식들을 접하였습니다. 취업이 되지 않는 시기엔 공무원이라도 많이 뽑을 것 같아서 떠밀리듯이 공무원준비를 하게 되었지만 생각보다 법관련 과목이 재미있어서 지금은 인강들으면서 준비하고 있습니다",관심분야가 무엇인지 모르겠다;진로에 대한 정보를 얻을 곳이 없다,선배들과 의논한다;인터넷 검색을 한다;에브리타임에서 찾아본다,고용안정성,워라밸,급여수준,예,공무원시험준비,,정해진 것이 있다기보다는 본인이 하기 나름인 것 같습니다,다양한 학문을 접할 수 있는 기회;취업 선택의 폭 확장,시간적 부담 (추가학기 가능성),아니요,,,,"정보학 (데이터 사이언스 개론, 정보검색론, 정보학개론 등)",R언어를 교육하는 과정이 있으면 어떨까 합니다,아니오,,,,연구에 관심 없음;높은 수업료,정부(공무원),,,일반행정,2500만원 이상 3000만원 미만,2년,졸업생과 소통할 수 있는 방법이 더 마련되있으면 좋겠습니다. ,"민간 채용정보 사이트 (잡코리아, 사람인 등);인터넷 포털 사이트 (네이버, 다음 등);본교 취업지원 센터 및 레인보우 시스템",아니다,학과 단톡;졸업생과 재학생의 정기적 만남;직업 관련 강연,오픈채팅방(카카오톡 등);재학생/졸업생 비대면 만남 (ZOOM 등),,,,,,,,,,,,,,,,,,,,,,,,,,,,,,,,,,,,,,,,,,,,,,,,,,,,,,,,,,,,,,,,,,,,,,,,
2021/02/16 8:30:52 오전 GMT+9,여성,재학생 (대학원생 포함),2018,아니오,예,사서;사서 교사;기록물 관리자;공기업;공무원,예,사서;공무원,,다르지 않음. 현재 상황에서 다른 직종 취업은 어려울 것 같기 때문에,공무원 시험 수험 준비 방법에 대한 고민,인터넷 검색을 한다;혼자 고민한다,고용안정성,급여수준,자아실현,예,각종 자격증 취득;어학 준비,,사서 ,다양한 학문을 접할 수 있는 기회;취업 선택의 폭 확장,시간적 부담 (추가학기 가능성),예,공기업 관리 연계전공,공기업 취업 시 도움이 될 것 같아서,없음,"정보서비스 (정보서비스론, 정보시스템구축론 등)",,아니오,,,,연구에 관심 없음,정부(공무원),,,사서직,2500만원 이상 3000만원 미만,2년,,"인터넷 포털 사이트 (네이버, 다음 등)",아니다,학과 단톡;졸업생과 재학생의 정기적 만남;직업 관련 강연,오픈채팅방(카카오톡 등);재학생/졸업생 비대면 만남 (ZOOM 등);에브리타임,,,,,,,,,,,,,,,,,,,,,,,,,,,,,,,,,,,,,,,,,,,,,,,,,,,,,,,,,,,,,,,,,,,,,,,,
2021/02/16 8:40:13 오전 GMT+9,여성,재학생 (대학원생 포함),2019,아니오,예,사서;사서 교사;공무원,예,사서 교사,,"다르지 않음. 희망했던 진로, 학부 공부와 잘 맞아서",고민이 없다,친구들과 의논한다;혼자 고민한다,고용안정성,워라밸,급여수준,예,"학업성적;임용고시 계획, 준비",,"사서, 데이터 분야 취업, 기록관리자 등",다양한 학문을 접할 수 있는 기회;취업 선택의 폭 확장,학점 부담;학습량 부담;시간적 부담 (추가학기 가능성),아니요,,,,"자료조직 (멀티미디어데이터관리, 메타데이터구조론, 문헌분류론, 자료조직연습 등)",,아니오,,,,연구에 관심 없음,사서직,,"공공도서관 (지자체, 교육청 소속 도서관 등);기타 도서관",,3000만원 이상 3500만원 미만,2년,다양한 분야에 취업한 선배들과의 연결,"인터넷 포털 사이트 (네이버, 다음 등);본교 취업지원 센터 및 레인보우 시스템",그렇다,학과 인스타그램;학과 홈페이지;학과 단톡;졸업생과 재학생의 정기적 만남;직업 관련 강연,오픈채팅방(카카오톡 등);재학생/졸업생 비대면 만남 (ZOOM 등);재학생/졸업생 대면 만남,,,,,,,,,,,,,,,,,,,,,,,,,,,,,,,,,,,,,,,,,,,,,,,,,,,,,,,,,,,,,,,,,,,,,,,,
2021/02/16 8:46:19 오전 GMT+9,남성,재학생 (대학원생 포함),2019,아니오,아니오,,예,변리사,,"먹고살려면,, 길을찾아야,,","진로에 대한 생각은 하고 있는데, 뚜렷한 방향을 잡을 수 없다",교수님께 상담 신청을 한다;인터넷 검색을 한다;에브리타임에서 찾아본다;혼자 고민한다;부모님과 상담,워라밸,적성과 흥미,사회적 인식,아니오,,아직 준비하기에 이르다고 생각해서,"이것저것,, 특별히 경쟁력이 있는 것 같진 않다",취업 선택의 폭 확장,학점 부담;학습량 부담;시간적 부담 (추가학기 가능성),아니요,,,,"정보학 (데이터 사이언스 개론, 정보검색론, 정보학개론 등)","통계학과 연계된 수업 (회귀분석, R 등)",아니오,,,,연구에 관심 없음,사기업,경영/사무,,,5500만원 이상,1년,,"인터넷 포털 사이트 (네이버, 다음 등)",보통이다,학과 홈페이지,에브리타임,,,,,,,,,,,,,,,,,,,,,,,,,,,,,,,,,,,,,,,,,,,,,,,,,,,,,,,,,,,,,,,,,,,,,,,,
2021/02/16 8:46:52 오전 GMT+9,여성,재학생 (대학원생 포함),2019,아니오,예,사서 교사;출판업,예,출판업,,다르지 않다. 어렸을 때부터의 꿈이라서.,"진로에 대한 생각은 하고 있는데, 뚜렷한 방향을 잡을 수 없다",친구들과 의논한다;혼자 고민한다,고용안정성,적성과 흥미,워라밸,예,학업성적,,"다양하게 가질 수 있다고 생각한다. 데이터를 다루는 빅데이터도 가능하고 글을 다루는 출판업, 사서 등등 여러 방면으로의 진로가 가능하다고 생각한다.",다양한 학문을 접할 수 있는 기회;취업 선택의 폭 확장,학점 부담;학습량 부담;시간적 부담 (추가학기 가능성),예,국어국문학과,하고 싶은 직업이 관련되어 있기 때문,이수해야할 학점이 많아서 듣는 것이 버겁다.,"자료조직 (멀티미디어데이터관리, 메타데이터구조론, 문헌분류론, 자료조직연습 등)",,아니오,,,,연구에 관심 없음;높은 수업료,사기업,교정교열,,,2000만원 이상 2500만원 이하,1년,,"민간 채용정보 사이트 (잡코리아, 사람인 등)",매우 아니다,학과 홈페이지;메일 (개인 이메일을 통한 취업 정보 공유);학과 단톡,오픈채팅방(카카오톡 등);학과 홈페이지;학과 인스타그램;에브리타임,,,,,,,,,,,,,,,,,,,,,,,,,,,,,,,,,,,,,,,,,,,,,,,,,,,,,,,,,,,,,,,,,,,,,,,,
2021/02/16 8:48:04 오전 GMT+9,여성,재학생 (대학원생 포함),2018,아니오,아니오,,예,사서 교사;기록물 관리자,,다르지 않음,"진로에 대한 정보를 얻을 곳이 없다;진로에 대한 생각은 하고 있는데, 뚜렷한 방향을 잡을 수 없다",친구들과 의논한다;인터넷 검색을 한다,워라밸,고용안정성,자아실현,예,각종 자격증 취득,,"도서관 관련 업무,출판,기록관,데이터분석분야",다양한 학문을 접할 수 있는 기회,시간적 부담 (추가학기 가능성),예,교직,사서교사를 진로 중 하나로 생각하고 있었기 때문,교직을 뽑는 사람이 적다보니 관련 정보를 얻는게 어려움,"도서관경영 (도서관 경영론, 도서관 마케팅론 등)",학교도서관경영,예 (현재 대학원 재학 중일 경우도 포함),자대 문헌정보학과,졸업 후 취직 이후,자기계발;전문성 강화,,정부(공무원),,,"교정직, 기록관리직",4000만원 이상 4500만원 미만,1년,,"인터넷 포털 사이트 (네이버, 다음 등)",아니다,학과 인스타그램;메일 (개인 이메일을 통한 취업 정보 공유);학과 단톡;졸업생과 재학생의 정기적 만남,오픈채팅방(카카오톡 등);재학생/졸업생 비대면 만남 (ZOOM 등);재학생/졸업생 대면 만남,,,,,,,,,,,,,,,,,,,,,,,,,,,,,,,,,,,,,,,,,,,,,,,,,,,,,,,,,,,,,,,,,,,,,,,,
2021/02/16 8:59:09 오전 GMT+9,남성,재학생 (대학원생 포함),2017,아니오,예,사서;사서 교사,아니오,,개인의 삶의 방향에 대한 가치관이 정립되지 않았음;아직 진로에 대해 고민하지 않고 있음;본인이 아직 뭘 잘하는지 잘 모름;본인이 아직 뭘 좋아하는지 잘 모름,"막연했던 사서라는 직업군이 명확해지며, 생각했던 직업관과 현실에 차이가 생김","관심분야가 무엇인지 모르겠다;진로에 대한 정보를 얻을 곳이 없다;진로에 대한 생각은 하고 있는데, 뚜렷한 방향을 잡을 수 없다",인터넷 검색을 한다;혼자 고민한다,워라밸,적성과 흥미,자아실현,아니오,,정해 둔 진로가 없어서;준비의 필요성을 느끼지 못해서;아직 준비하기에 이르다고 생각해서,도서관 및 데이터에 관한 다양한 직업,"취업 선택의 폭 확장;문헌정보학과 전공심화 시, 거의 모든 전공수업을 수강해야 하는 부담을 피할 수 있음",시간적 부담 (추가학기 가능성);전문성 약화,예,복수전공: 국어국문학과,취업 폭을 넓히고 용이한 졸업을 위함,두 학과 강의의 시간이 겹치거나 수강인원제한이 부족하여 졸업학점을 채우기 위해 고려사항이 많음,"서지학 (고문헌목록연습, 동양문헌의 이해, 서지학개론 등)","데이터를 실질적으로 다루는 등, 21세기 현대의 도서관에 발맞출 수 있는 교육과정 ",아니오,,,,높은 수업료;대학원 교육과정의 불만족,사서직,,"국가도서관 (국회, 국립중앙, 법원 도서관);공공도서관 (지자체, 교육청 소속 도서관 등);작은도서관",,2500만원 이상 3000만원 미만,1년,,"민간 채용정보 사이트 (잡코리아, 사람인 등);정부 채용정보 사이트 (위크넷, 월드잡 등);인터넷 포털 사이트 (네이버, 다음 등)",보통이다,학과 홈페이지;메일 (개인 이메일을 통한 취업 정보 공유),오픈채팅방(카카오톡 등);학과 홈페이지;에브리타임,,,,,,,,,,,,,,,,,,,,,,,,,,,,,,,,,,,,,,,,,,,,,,,,,,,,,,,,,,,,,,,,,,,,,,,,
2021/02/16 9:00:12 오전 GMT+9,여성,재학생 (대학원생 포함),2018,아니오,예,언론인,예,사서;공무원,,대학에 와서 경험한 것들을 바탕으로 가치관과 진로가 바뀌었기 때문,"진로에 대한 생각은 하고 있는데, 뚜렷한 방향을 잡을 수 없다;진로는 있으나 이 진로가 비전이 있는지에 대한 확신이 없다",친구들과 의논한다;선배들과 의논한다;교수님께 상담 신청을 한다;인터넷 검색을 한다;혼자 고민한다,적성과 흥미,자아실현,고용안정성,예,학업성적;각종 자격증 취득;어학 준비,,"무엇이든 할 수 있겠지만, 전공을 살린다면 사서, 사서교사,데이터 분석가, 정보관리사 등의 직업을 가질 수 있다고 생각합니다. 다만 후자의 경우 이를 진로로 삼고 싶다면 무엇을 해야하는지 등의 정보가 매우 부족하다고 생각합니다.",다양한 학문을 접할 수 있는 기회,학점 부담,예,문화콘텐츠 융합전공,"흥미를 고려해 선택했음(콘텐츠 제작, 영상 제작)",없음,"도서관경영 (도서관 경영론, 도서관 마케팅론 등)","공공도서관의 경우 프로그램을 기획하고 운영하는 것이 큰 업무 중 하나인데, 이 부분을 더욱 경험할 수 있는 과목이 있으면 좋을 것 같습니다.",예 (현재 대학원 재학 중일 경우도 포함),자대 문헌정보학과,졸업 후 취직 이후,취업준비;전문성 강화,,사서직,,"국가도서관 (국회, 국립중앙, 법원 도서관);공공도서관 (지자체, 교육청 소속 도서관 등)",,2500만원 이상 3000만원 미만,1년,"학회, 소모임 등을 통해 학과 내 정보 공유가 활성화되어야 한다고 생각하고, 무엇보다 데이터관련 업종에 대한 정보를 공유할 필요가 있다고 생각합니다.",사서e마을 카페,매우 아니다,학과 인스타그램;학과 홈페이지;메일 (개인 이메일을 통한 취업 정보 공유);학과 단톡;졸업생과 재학생의 정기적 만남;직업 관련 강연,오픈채팅방(카카오톡 등);재학생/졸업생 비대면 만남 (ZOOM 등);학과 홈페이지,,,,,,,,,,,,,,,,,,,,,,,,,,,,,,,,,,,,,,,,,,,,,,,,,,,,,,,,,,,,,,,,,,,,,,,,
2021/02/16 9:18:44 오전 GMT+9,여성,재학생 (대학원생 포함),2019,아니오,예,사서;공기업;공무원,예,공기업,,다르지 않음,진로에 대한 정보를 얻을 곳이 없다,인터넷 검색을 한다;에브리타임에서 찾아본다;가족과 의논,워라밸,고용안정성,조직문화,예,"학업성적;각종 자격증 취득;봉사(사회기여) 활동;어학 준비;대외활동(서포터즈, 학회, 동아리, 스터디 등)",,"사서, 학예사, 기록관리사",다양한 학문을 접할 수 있는 기회;취업 선택의 폭 확장,시간적 부담 (추가학기 가능성),예,국어국문학과,국어를 좋아해서,없음,"서지학 (고문헌목록연습, 동양문헌의 이해, 서지학개론 등)",,아니오,,,,높은 수업료,공기업,경영/사무,,,2500만원 이상 3000만원 미만,1년 이내,,"민간 채용정보 사이트 (잡코리아, 사람인 등);정부 채용정보 사이트 (위크넷, 월드잡 등);인터넷 포털 사이트 (네이버, 다음 등)",아니다,학과 홈페이지;메일 (개인 이메일을 통한 취업 정보 공유);직업 관련 강연,재학생/졸업생 비대면 만남 (ZOOM 등);에브리타임,,,,,,,,,,,,,,,,,,,,,,,,,,,,,,,,,,,,,,,,,,,,,,,,,,,,,,,,,,,,,,,,,,,,,,,,
2021/02/16 9:24:51 오전 GMT+9,여성,재학생 (대학원생 포함),2020,아니오,예,사서;사서 교사;대학교 (교수 및 직원);공무원,예,사서;사서 교사;대학교 (교수 및 직원);일반 사기업;공무원,,다르지 않음. 아직까지는 목표가 같음.,진로에 대한 정보를 얻을 곳이 없다,인터넷 검색을 한다,워라밸,적성과 흥미,사회적 인식,예,학업성적;각종 자격증 취득;어학 준비,,"사서, 사서교사, 사서공무원, 데이터 관리자, 정보 관리자, 교직원 등",다양한 학문을 접할 수 있는 기회,학점 부담;시간적 부담 (추가학기 가능성),아니요,,,,"도서관경영 (도서관 경영론, 도서관 마케팅론 등)",,아니오,,,,높은 수업료,정부(공무원),,,사서직 일반행정,4000만원 이상 4500만원 미만,1년,,"정부 채용정보 사이트 (위크넷, 월드잡 등);인터넷 포털 사이트 (네이버, 다음 등);본교 취업지원 센터 및 레인보우 시스템",보통이다,학과 홈페이지;학과 단톡;졸업생과 재학생의 정기적 만남;직업 관련 강연,오픈채팅방(카카오톡 등);재학생/졸업생 대면 만남;학과 홈페이지;학과 인스타그램,,,,,,,,,,,,,,,,,,,,,,,,,,,,,,,,,,,,,,,,,,,,,,,,,,,,,,,,,,,,,,,,,,,,,,,,
2021/02/16 9:29:52 오전 GMT+9,여성,재학생 (대학원생 포함),2020,아니오,아니오,,예,사서 교사,,"입학 당시에는 관심분야에 대한 확신이 없어 희망 진로가 불확실했지만, 다양한 진로를 알아보던 중 고등학교때의 관심사와 비슷한 진로를 찾게 되서","관심분야가 무엇인지 모르겠다;진로에 대한 생각은 하고 있는데, 뚜렷한 방향을 잡을 수 없다",친구들과 의논한다;인터넷 검색을 한다,급여수준,고용안정성,조직문화,예,학업성적;봉사(사회기여) 활동,,"사서, 사서교사, 출판업계, 데이터 관련분야 등",다양한 학문을 접할 수 있는 기회;취업 선택의 폭 확장,학습량 부담;시간적 부담 (추가학기 가능성),아니요,,,,"서지학 (고문헌목록연습, 동양문헌의 이해, 서지학개론 등)",,아니오,,,,높은 수업료,정부(공무원),,,사서직 교사,4000만원 이상 4500만원 미만,2년,,"인터넷 포털 사이트 (네이버, 다음 등)",보통이다,학과 홈페이지;메일 (개인 이메일을 통한 취업 정보 공유);졸업생과 재학생의 정기적 만남,재학생/졸업생 대면 만남;학과 홈페이지;학과 인스타그램,,,,,,,,,,,,,,,,,,,,,,,,,,,,,,,,,,,,,,,,,,,,,,,,,,,,,,,,,,,,,,,,,,,,,,,,
2021/02/16 9:31:35 오전 GMT+9,여성,재학생 (대학원생 포함),2018,아니오,예,기록물 관리자;데이터 전문가;개발자 (프로그래머);일반 사기업,예,출판업;기록물 관리자;일반 사기업,,정보 체계에 관심이 많았으나 생각보다 관련 수업도 적고 학과직무에 대한 흥미를 잃어갔다. 사서가 되는 방법이 학원이나 사서교육원 등 많아짐에 따라 도서관 전문인으로서는 특별한 메리트가 없어졌다고 생각했다. ,진정 내게 필요한 전문적인 취직 역량을 쌓을 수 있는 방법이 무엇인지,혼자 고민한다,자아실현,급여수준,적성과 흥미,예,학업성적;컴퓨터 언어 독학,,"[정보를 구조적으로 수집하고 제공하기]
-사내의 방대한 업무 협업 툴의 효율적인 UI 개발(혹은 조언)
-사내에 필요한 복지/업무 정보를 정리해서 사원들에게 제공하는 일 
-업무 분야별로 필요한 사이트를 아카이브하여 (웹사이트로) 제공

[인문학적 시각의 개발 전문가]
- 정리되지 않은 정보를 구조화하여 어느 플렛폼에서든 연동이 쉽게 가공하는 일
- 사람들이 메모나 기록을 자동적이고 효율적이고 빠르게 하는 프로세스 개발하기 ",다양한 학문을 접할 수 있는 기회,학점 부담;학습량 부담;시간적 부담 (추가학기 가능성),예,문화콘텐츠 융합전공,"평생의 꿈이여서, 콘텐츠가 만들어지는 단위 등을 배울 수 있을거 같아서입니다. ",#NAME?,"자료조직 (멀티미디어데이터관리, 메타데이터구조론, 문헌분류론, 자료조직연습 등)",,예 (현재 대학원 재학 중일 경우도 포함),자대 문헌정보학과,졸업 후 바로,자기계발;전문성 강화,,사기업,경영/사무;IT/인터넷,,,3000만원 이상 3500만원 미만,1년,,"민간 채용정보 사이트 (잡코리아, 사람인 등);본교 취업지원 센터 및 레인보우 시스템",아니다,학과 홈페이지;메일 (개인 이메일을 통한 취업 정보 공유),재학생/졸업생 비대면 만남 (ZOOM 등);학과 홈페이지,,,,,,,,,,,,,,,,,,,,,,,,,,,,,,,,,,,,,,,,,,,,,,,,,,,,,,,,,,,,,,,,,,,,,,,,
2021/02/16 9:37:02 오전 GMT+9,여성,재학생 (대학원생 포함),2019,아니오,예,사서;사서 교사;공무원,예,사서;사서 교사;공기업;공무원,,"다르지 않음, 사서를 꿈꾸고 있어서","진로에 대한 정보를 얻을 곳이 없다;진로에 대한 생각은 하고 있는데, 뚜렷한 방향을 잡을 수 없다",친구들과 의논한다;선배들과 의논한다;교수님께 상담 신청을 한다;인터넷 검색을 한다,고용안정성,적성과 흥미,급여수준,예,"학업성적;각종 자격증 취득;봉사(사회기여) 활동;대외활동(서포터즈, 학회, 동아리, 스터디 등)",,"사서, 데이터사이언스 직업, 기업 취업",취업 선택의 폭 확장,학점 부담;학습량 부담;시간적 부담 (추가학기 가능성),아니요,,,,"자료조직 (멀티미디어데이터관리, 메타데이터구조론, 문헌분류론, 자료조직연습 등)",학교도서관운영론 등의 사서교사 과목,아니오,,,,연구에 관심 없음;높은 수업료,사서직,,"공공도서관 (지자체, 교육청 소속 도서관 등)",,2500만원 이상 3000만원 미만,1~2년,"취업박람회, 도서관탐방, 선배와의만남","민간 채용정보 사이트 (잡코리아, 사람인 등);인터넷 포털 사이트 (네이버, 다음 등);본교 취업지원 센터 및 레인보우 시스템",아니다,학과 인스타그램;학과 홈페이지;학과 단톡;졸업생과 재학생의 정기적 만남;직업 관련 강연,오픈채팅방(카카오톡 등);재학생/졸업생 비대면 만남 (ZOOM 등),,,,,,,,,,,,,,,,,,,,,,,,,,,,,,,,,,,,,,,,,,,,,,,,,,,,,,,,,,,,,,,,,,,,,,,,
2021/02/16 9:55:15 오전 GMT+9,여성,재학생 (대학원생 포함),2019,아니오,예,사서;기록물 관리자;데이터 전문가,예,사서;출판업,,실제 관련 교과목을 접해보니 예상과 달랐다,"진로에 대한 정보를 얻을 곳이 없다;진로에 대한 생각은 하고 있는데, 뚜렷한 방향을 잡을 수 없다",친구들과 의논한다;인터넷 검색을 한다;에브리타임에서 찾아본다,적성과 흥미,급여수준,워라밸,예,"학업성적;각종 자격증 취득;봉사(사회기여) 활동;대외활동(서포터즈, 학회, 동아리, 스터디 등)",,도서관에 국한되지 않고 다양한 진로를 선택할 수 있다고 생각한다,다양한 학문을 접할 수 있는 기회;취업 선택의 폭 확장,학점 부담;학습량 부담;시간적 부담 (추가학기 가능성),예,문화컨텐츠 융합전공,평소 관심이 많았고 진로 선택에 도움이 될 것 같아서,시간표를 짜기 어렵다,"도서관경영 (도서관 경영론, 도서관 마케팅론 등)",정보학과 기록관리의 수업이 좀 더 많아졌으면 좋겠다,아니오,,,,연구에 관심 없음,사기업,경영/사무,,,2500만원 이상 3000만원 미만,1년 이내,취업 상담류의 프로그램,"민간 채용정보 사이트 (잡코리아, 사람인 등);정부 채용정보 사이트 (위크넷, 월드잡 등);인터넷 포털 사이트 (네이버, 다음 등)",보통이다,학과 인스타그램;졸업생과 재학생의 정기적 만남,오픈채팅방(카카오톡 등);재학생/졸업생 비대면 만남 (ZOOM 등);학과 인스타그램,,,,,,,,,,,,,,,,,,,,,,,,,,,,,,,,,,,,,,,,,,,,,,,,,,,,,,,,,,,,,,,,,,,,,,,,
2021/02/16 10:04:21 오전 GMT+9,여성,재학생 (대학원생 포함),2018,아니오,예,사서;사서 교사;기록물 관리자;공기업;공무원,예,사서;사서 교사;기록물 관리자;공기업;공무원,,다르지 않음,진로에 대한 정보를 얻을 곳이 없다,인터넷 검색을 한다;혼자 고민한다,적성과 흥미,고용안정성,사회적 인식,예,학업성적;각종 자격증 취득;봉사(사회기여) 활동,,.,다양한 학문을 접할 수 있는 기회;취업 선택의 폭 확장;인맥 확장,학점 부담;학습량 부담;시간적 부담 (추가학기 가능성),예,복수전공: 역사학과,"역사에 대한 흥미, 기록관리와 연계","학점, 시간","자료조직 (멀티미디어데이터관리, 메타데이터구조론, 문헌분류론, 자료조직연습 등)",,예 (현재 대학원 재학 중일 경우도 포함),자대 문헌정보학과,졸업 후 바로,전문성 강화,,사서직,,"공공도서관 (지자체, 교육청 소속 도서관 등)",,3000만원 이상 3500만원 미만,1년,,"인터넷 포털 사이트 (네이버, 다음 등)",아니다,학과 홈페이지;졸업생과 재학생의 정기적 만남;직업 관련 강연,재학생/졸업생 비대면 만남 (ZOOM 등);재학생/졸업생 대면 만남;학과 홈페이지,,,,,,,,,,,,,,,,,,,,,,,,,,,,,,,,,,,,,,,,,,,,,,,,,,,,,,,,,,,,,,,,,,,,,,,,
2021/02/16 10:05:04 오전 GMT+9,남성,재학생 (대학원생 포함),2020,아니오,예,사서;공무원,예,사서;공무원;군인,,다르지 않음,관심분야가 무엇인지 모르겠다;진로에 대한 정보를 얻을 곳이 없다,친구들과 의논한다;혼자 고민한다,적성과 흥미,급여수준,고용안정성,예,학업성적;어학 준비,,사서 사서공무원,다양한 학문을 접할 수 있는 기회;취업 선택의 폭 확장,학습량 부담;시간적 부담 (추가학기 가능성),아니요,,,,"도서관경영 (도서관 경영론, 도서관 마케팅론 등)",,아니오,,,,연구에 관심 없음,정부(공무원),,,사서직,4000만원 이상 4500만원 미만,2년,,"인터넷 포털 사이트 (네이버, 다음 등)",보통이다,학과 홈페이지;학과 단톡,재학생/졸업생 대면 만남,,,,,,,,,,,,,,,,,,,,,,,,,,,,,,,,,,,,,,,,,,,,,,,,,,,,,,,,,,,,,,,,,,,,,,,,
2021/02/16 10:05:04 오전 GMT+9,여성,재학생 (대학원생 포함),2020,아니오,예,사서;사서 교사,예,사서;사서 교사,,"다르지 않음
","진로에 대한 생각은 하고 있는데, 뚜렷한 방향을 잡을 수 없다",인터넷 검색을 한다,자아실현,워라밸,적성과 흥미,예,학업성적;각종 자격증 취득,,정보를 다루는 일이면 뭐든지,잘 모르겠음 ,잘 모르겠음,아니요,,,,"정보학 (데이터 사이언스 개론, 정보검색론, 정보학개론 등)",,아니오,,,,졸업 후 취직,정부(공무원),,,사서,3500만원 이상 4000만원 미만,2년,,"민간 채용정보 사이트 (잡코리아, 사람인 등);정부 채용정보 사이트 (위크넷, 월드잡 등);인터넷 포털 사이트 (네이버, 다음 등);본교 취업지원 센터 및 레인보우 시스템",보통이다,학과 홈페이지;메일 (개인 이메일을 통한 취업 정보 공유);학과 단톡,오픈채팅방(카카오톡 등);재학생/졸업생 대면 만남;학과 홈페이지;에브리타임,,,,,,,,,,,,,,,,,,,,,,,,,,,,,,,,,,,,,,,,,,,,,,,,,,,,,,,,,,,,,,,,,,,,,,,,
2021/02/16 10:06:16 오전 GMT+9,여성,재학생 (대학원생 포함),2015,아니오,아니오,,예,일반 사기업,,대학생활 내 다양한 활동과 경험을 통해 적성에 맞는 일을 찾게 되었음,"진로에 대한 생각은 하고 있는데, 뚜렷한 방향을 잡을 수 없다",친구들과 의논한다;선배들과 의논한다;인터넷 검색을 한다,워라밸,적성과 흥미,고용안정성,예,"각종 자격증 취득;어학 준비;실습, 인턴",,대학생활내 다양한 경험을 바탕으로 여러 진로를 가질 수 있음,잘 모르겠음,전문성 약화,예,영어영문학과,영어가 좋아서,해당 과에 대한 정보를 얻기 어려움,"자료조직 (멀티미디어데이터관리, 메타데이터구조론, 문헌분류론, 자료조직연습 등)",,아니오,,,,취업 희망,사기업,경영/사무;영업/고객상담;서비스,,,3500만원 이상 4000만원 미만,1년 이내,,"민간 채용정보 사이트 (잡코리아, 사람인 등);정부 채용정보 사이트 (위크넷, 월드잡 등);기업, 정부 및 관련기관의 채용 박람회",보통이다,메일 (개인 이메일을 통한 취업 정보 공유),오픈채팅방(카카오톡 등);재학생/졸업생 비대면 만남 (ZOOM 등),,,,,,,,,,,,,,,,,,,,,,,,,,,,,,,,,,,,,,,,,,,,,,,,,,,,,,,,,,,,,,,,,,,,,,,,
2021/02/16 10:08:49 오전 GMT+9,남성,졸업생,,,,,,,,,,,,,,,,,,,,,,,,,,,,,,,,,,,,,,,,,,2020.0,예,사서직,"공공도서관 (지자체, 교육청 소속 도서관 등)",,,만족,2000만원 이상 2500만원 미만,고용안정성,워라밸,조직문화,아니오,,,,1년 이내,마지막학기부터 공무원공부,고용 기회 부족,그렇다,아니오,,,,연구에 관심이 없음;높은 수업료;대학원에 대한 정보 부족,아니오,진학 의향없음,그렇다,취업 선택의 폭 확장,학습량 부담;시간적 부담 (추가학기 가능성),예,연계전공: 유통관리,혹시 사기업 취업할까봐,독강으로 인한 정보 얻기 힘듦,,"사서직, 공기업, 정보관련 직업, 사기업(영업직)",모르겠음,"자료조직 (자료조직연습, 멀티미디어데이터관리 등)",데이터 다루는 과목(파이썬 등),보통이다,재학생/졸업생 비대면 만남 (ZOOM 등);재학생/졸업생 대면 만남,,,,,,,,,,,,,,,,,,,,,,,,,,,,,,,,
2021/02/16 10:09:24 오전 GMT+9,여성,재학생 (대학원생 포함),2019,아니오,예,사서;사서 교사,예,사서;공무원,,다르지 않음 / 학교에서 전공 수업을 들으면서 점점 더 흥미가 생겼고 재밌다는 생각을 했기 때문 & 나와 잘 맞다고 생각했다,진로에 대한 정보를 얻을 곳이 없다,인터넷 검색을 한다,적성과 흥미,고용안정성,워라밸,예,"학업성적;봉사(사회기여) 활동;어학 준비;교내활동(동아리, 학생회, 학회, 스터디 등);대외활동(서포터즈, 학회, 동아리, 스터디 등)",,"사서, 사서 교사, 기록관리전문가, IT계열 등..",다양한 학문을 접할 수 있는 기회,시간적 부담 (추가학기 가능성),아니요,,,,"자료조직 (멀티미디어데이터관리, 메타데이터구조론, 문헌분류론, 자료조직연습 등)",,아니오,,,,현재는 취업을 희망합니다,사서직,,"국가도서관 (국회, 국립중앙, 법원 도서관);공공도서관 (지자체, 교육청 소속 도서관 등);대학도서관",,3500만원 이상 4000만원 미만,1년,,"인터넷 포털 사이트 (네이버, 다음 등);본교 취업지원 센터 및 레인보우 시스템",보통이다,학과 인스타그램;학과 단톡,오픈채팅방(카카오톡 등);학과 홈페이지;학과 인스타그램,,,,,,,,,,,,,,,,,,,,,,,,,,,,,,,,,,,,,,,,,,,,,,,,,,,,,,,,,,,,,,,,,,,,,,,,
2021/02/16 10:12:01 오전 GMT+9,여성,재학생 (대학원생 포함),2020,아니오,예,영상콘텐츠 제작자,예,기록물 관리자;일반 사기업;공기업,,정말 원하던 진로였는지에 대한 고민,"관심분야가 무엇인지 모르겠다;진로에 대한 정보를 얻을 곳이 없다;진로에 대한 생각은 하고 있는데, 뚜렷한 방향을 잡을 수 없다",친구들과 의논한다;선배들과 의논한다;인터넷 검색을 한다;에브리타임에서 찾아본다;혼자 고민한다,적성과 흥미,자아실현,고용안정성,예,"각종 자격증 취득;교내활동(동아리, 학생회, 학회, 스터디 등);대외활동(서포터즈, 학회, 동아리, 스터디 등)",,"개인의 능력과 발전방향에 따라 기록과 정보, 도서관과 관련된 거의 모든 진로에 한계가 없다고 생각합니다. ",다양한 학문을 접할 수 있는 기회;취업 선택의 폭 확장;인맥 확장,학점 부담;학습량 부담;시간적 부담 (추가학기 가능성);전문성 약화,아니요,,,,"정보학 (데이터 사이언스 개론, 정보검색론, 정보학개론 등)",,아니오,,,,연구에 관심 없음,공기업,IT/인터넷,,,3000만원 이상 3500만원 미만,1년 이내,"선배, 직업인과의 만남 확대","민간 채용정보 사이트 (잡코리아, 사람인 등);인터넷 포털 사이트 (네이버, 다음 등)",아니다,학과 인스타그램;졸업생과 재학생의 정기적 만남;직업 관련 강연,재학생/졸업생 대면 만남,,,,,,,,,,,,,,,,,,,,,,,,,,,,,,,,,,,,,,,,,,,,,,,,,,,,,,,,,,,,,,,,,,,,,,,,
2021/02/16 10:14:47 오전 GMT+9,남성,재학생 (대학원생 포함),2019,아니오,아니오,,예,사서;공기업;성우,,하고싶은 게 생겨서,"진로에 대한 생각은 하고 있는데, 뚜렷한 방향을 잡을 수 없다",혼자 고민한다,적성과 흥미,급여수준,조직문화,예,학업성적;학원,,굳이 제한이 있을까요?,다양한 학문을 접할 수 있는 기회,학점 부담;학습량 부담;시간적 부담 (추가학기 가능성),예,융합전공 : 소프트웨어인문,코딩,어려움,"정보학 (데이터 사이언스 개론, 정보검색론, 정보학개론 등)",,아니오,,,,연구에 관심 없음;높은 수업료;대학원 교육과정의 불만족,성우,,,,5500만원 이상,3년,,"인터넷 포털 사이트 (네이버, 다음 등)",보통이다,학과 단톡,오픈채팅방(카카오톡 등),,,,,,,,,,,,,,,,,,,,,,,,,,,,,,,,,,,,,,,,,,,,,,,,,,,,,,,,,,,,,,,,,,,,,,,,
2021/02/16 10:18:29 오전 GMT+9,여성,재학생 (대학원생 포함),2020,예 (2021년 입학예정 포함),예,학생들 강의,예,전문사서,,"다르지않음, 인문학관련 전문성있는사서로 인정 받는것",방향은 정했지만 잘 할수 있을지 의문,혼자 고민한다,사회적 인식,자아실현,적성과 흥미,예,봉사(사회기여) 활동,,"광범위함 대표적으로 큐레이터, 정보전문가, 인문학과 정보학의 연결 매개자",다양한 학문을 접할 수 있는 기회,학습량 부담,예,국문학 출판학 정보학 서지학,학문 연계,방향 설정 및 정보 부재,"서지학 (고문헌목록연습, 동양문헌의 이해, 서지학개론 등)",디지털 사료 전산화,예 (현재 대학원 재학 중일 경우도 포함),자대 문헌정보학과,졸업 후 바로,전문성 강화,,자영업,,,,5500만원 이상,1년,경력을 위한 고급 스펙 스킬,"민간 채용정보 사이트 (잡코리아, 사람인 등)",아니다,학과 홈페이지;메일 (개인 이메일을 통한 취업 정보 공유),재학생/졸업생 대면 만남;학과 홈페이지,,,,,,,,,,,,,,,,,,,,,,,,,,,,,,,,,,,,,,,,,,,,,,,,,,,,,,,,,,,,,,,,,,,,,,,,
2021/02/16 10:19:45 오전 GMT+9,여성,졸업생,,,,,,,,,,,,,,,,,,,,,,,,,,,,,,,,,,,,,,,,,,2020.0,예,사서직,대학도서관,,,매우 만족,4000만원 이상 4500만원 미만,고용안정성,급여 수준,사회적 인식,예,워라밸,고용안정성,급여 수준,1년 이내,"각종 자격증 취득;봉사(사회기여) 활동;어학 준비;실습, 인턴;교내활동(동아리, 학생회, 학회, 스터디 등);대외활동(서포터즈, 학회, 동아리, 스터디 등)",고용 기회 부족,매우 그렇다,아니오,,,,향후 진학 예정,예,자대 문헌정보학과;타대 문헌정보학과;타대 타과,매우 그렇다,다양한 학문을 접할 수 있는 기회;취업 선택의 폭 확장;인맥 확장,전문성 약화,예,복수전공: 컴퓨터공학부,유망한 학과이고 평소 컴퓨터에 관심이 많았기 때문에,"문과 학생으로서 이과 학생들과의 간극을 좁히기 위해 배로 노력해야 하는 점이 힘들었고, 해당 학과 내에서 구성원끼리 공유하는 정보를 얻을 수 없어 학업에 어려움이 있었음",,"사서, 개발자, 데이터분석가",,"정보학 (정보학개론, 정보검색론 등)",데이터 분석,그렇지 않다,오픈채팅방(카카오톡 등);재학생/졸업생 대면 만남,,,,,,,,,,,,,,,,,,,,,,,,,,,,,,,,
2021/02/16 10:20:58 오전 GMT+9,남성,재학생 (대학원생 포함),2017,아니오,예,사서;기록물 관리자;데이터 전문가;개발자 (프로그래머),예,데이터 전문가;개발자 (프로그래머),,다르지 않음,"진로에 대한 정보를 얻을 곳이 없다;진로에 대한 생각은 하고 있는데, 뚜렷한 방향을 잡을 수 없다",선배들과 의논한다;인터넷 검색을 한다;혼자 고민한다,급여수준,적성과 흥미,고용안정성,예,학업성적;관련 지식 공부,,"사서, 데이터 전문가",취업 선택의 폭 확장,시간적 부담 (추가학기 가능성),예,융합전공: 소프트웨어 인문,프로그래밍 언어에 친숙해지기 위함,없음,"정보학 (데이터 사이언스 개론, 정보검색론, 정보학개론 등)",데이터와 관련된 통계학과목,예 (현재 대학원 재학 중일 경우도 포함),자대 문헌정보학과;자대 타과;타대 타과,졸업 후 바로,취업준비;전문성 강화;취업시장의 대부분에서 경력직 혹은 석사를 뽑기 때문,,사기업,IT/인터넷;데이터,,,4000만원 이상 4500만원 미만,1년 이내,"데이터 관련 취업 준비과정 혹은 세부 직별(엔지니어, 분석, 시각화 등) 학습 커리큘럼","민간 채용정보 사이트 (잡코리아, 사람인 등)",보통이다,메일 (개인 이메일을 통한 취업 정보 공유);학과 단톡,재학생/졸업생 대면 만남,,,,,,,,,,,,,,,,,,,,,,,,,,,,,,,,,,,,,,,,,,,,,,,,,,,,,,,,,,,,,,,,,,,,,,,,
2021/02/16 10:23:09 오전 GMT+9,남성,재학생 (대학원생 포함),2018,아니오,아니오,,예,대학교 (교수 및 직원);데이터 전문가;공무원,,대학원 진,"관심분야가 무엇인지 모르겠다;진로에 대한 정보를 얻을 곳이 없다;진로에 대한 생각은 하고 있는데, 뚜렷한 방향을 잡을 수 없다",교수님께 상담 신청을 한다;인터넷 검색을 한다,적성과 흥미,워라밸,고용안정성,예,"학업성적;각종 자격증 취득;교내활동(동아리, 학생회, 학회, 스터디 등)",,연구원,다양한 학문을 접할 수 있는 기회;취업 선택의 폭 확장,학점 부담,예,복수전공 : 응용통계학과,교수님의 제안,학점부담이 너무 큼 학기마다 최소 20학점 들어야 함,"정보학 (데이터 사이언스 개론, 정보검색론, 정보학개론 등)","데이터큐레이션, 데이터분석응용통계, 시맨틱시스템구축, 정보기술 관련 소프트웨어, 계량정보학, 정보공학, 전자문서관리, 정보윤리",예 (현재 대학원 재학 중일 경우도 포함),자대 문헌정보학과;타대 문헌정보학과;타대 타과,졸업 후 바로,자기계발;취업준비,,정부(공무원),,,연구직,5500만원 이상,3년,잡 페어,"민간 채용정보 사이트 (잡코리아, 사람인 등);정부 채용정보 사이트 (위크넷, 월드잡 등)",매우 아니다,학과 홈페이지;졸업생과 재학생의 정기적 만남;직업 관련 강연,재학생/졸업생 비대면 만남 (ZOOM 등);재학생/졸업생 대면 만남;학과 홈페이지;에브리타임,,,,,,,,,,,,,,,,,,,,,,,,,,,,,,,,,,,,,,,,,,,,,,,,,,,,,,,,,,,,,,,,,,,,,,,,
2021/02/16 10:29:18 오전 GMT+9,여성,재학생 (대학원생 포함),2016,아니오,예,사서;사서 교사;출판업;언론인;일반 사기업,예,사서;일반 사기업;공기업,,크게 다르지 않음. 공기업이 하나 추가되었습니다,"진로에 대한 정보를 얻을 곳이 없다;진로에 대한 생각은 하고 있는데, 뚜렷한 방향을 잡을 수 없다",친구들과 의논한다;교수님께 상담 신청을 한다;인터넷 검색을 한다;혼자 고민한다,급여수준,적성과 흥미,고용안정성,예,"각종 자격증 취득;실습, 인턴",,"사서, 기록물 관리, (컴퓨터를 익힐경우)데이터 관리",취업 선택의 폭 확장,시간적 부담 (추가학기 가능성),아니요,,,,"서지학 (고문헌목록연습, 동양문헌의 이해, 서지학개론 등)","문헌정보학과 진로 탐색 관련 과목이 있었으면 좋겠습니다. 사서 말고 보다 다양한 분야로 취업이 가능하다고 말씀을 들었는데, 학부생 수준에서 알아보는데는 한계가 있어 아쉽습니다!",아니오,,,,대학원 수료 후 취업 및 진로선택의 불확실성,사기업,유통/판매,,,2500만원 이상 3000만원 미만,1년 이내,"전공을 살릴 수 있는 진로분야 탐색, 문헌정보학과 학생으로서 경쟁력을 강화할 수 있는 프로젝트 및 컨설팅","민간 채용정보 사이트 (잡코리아, 사람인 등);본교 취업지원 센터 및 레인보우 시스템",아니다,학과 홈페이지;메일 (개인 이메일을 통한 취업 정보 공유);학과 단톡;직업 관련 강연,오픈채팅방(카카오톡 등);재학생/졸업생 비대면 만남 (ZOOM 등);재학생/졸업생 대면 만남;학과 홈페이지,,,,,,,,,,,,,,,,,,,,,,,,,,,,,,,,,,,,,,,,,,,,,,,,,,,,,,,,,,,,,,,,,,,,,,,,
2021/02/16 10:31:23 오전 GMT+9,여성,재학생 (대학원생 포함),2018,아니오,아니오,,아니오,,아직 진로에 대해 고민하지 않고 있음;문헌정보학 전공자가 진출 가능한 분야에 대한 정보 부족;본인이 아직 뭘 잘하는지 잘 모름,희망진로 없음,"관심분야가 무엇인지 모르겠다;진로에 대한 정보를 얻을 곳이 없다;진로에 대한 생각은 하고 있는데, 뚜렷한 방향을 잡을 수 없다",친구들과 의논한다;혼자 고민한다;아무것도 하지 않는다,적성과 흥미,고용안정성,급여수준,아니오,,정해 둔 진로가 없어서,"빅데이터분석가, 사서, 기록관리사, ",취업 선택의 폭 확장,학점 부담;학습량 부담;시간적 부담 (추가학기 가능성),예,소프트웨어학부,관심이 생겨서,학업진도를 따라가지 못함,"정보서비스 (정보서비스론, 정보시스템구축론 등)",,아니오,,,,연구에 관심 없음;높은 수업료,사서직,,"국가도서관 (국회, 국립중앙, 법원 도서관)",,4500만원 이상 5000만원 미만,2년,,본교 취업지원 센터 및 레인보우 시스템,아니다,메일 (개인 이메일을 통한 취업 정보 공유);직업 관련 강연,학과 홈페이지;학과 인스타그램,,,,,,,,,,,,,,,,,,,,,,,,,,,,,,,,,,,,,,,,,,,,,,,,,,,,,,,,,,,,,,,,,,,,,,,,
2021/02/16 10:35:34 오전 GMT+9,여성,재학생 (대학원생 포함),2017,아니오,예,사서;출판업;대학교 (교수 및 직원);언론인;일반 사기업;공기업,예,사서;출판업;대학교 (교수 및 직원);일반 사기업;공기업,,다르지않음,"진로에 대한 정보를 얻을 곳이 없다;진로에 대한 생각은 하고 있는데, 뚜렷한 방향을 잡을 수 없다",친구들과 의논한다;인터넷 검색을 한다,적성과 흥미,고용안정성,급여수준,예,학업성적;각종 자격증 취득,,"출판(에디터,마케터) ",다양한 학문을 접할 수 있는 기회;취업 선택의 폭 확장,학점 부담;학습량 부담;시간적 부담 (추가학기 가능성),예,문화콘텐츠 융합전공,배워보고싶어서,시간부족,"자료조직 (멀티미디어데이터관리, 메타데이터구조론, 문헌분류론, 자료조직연습 등)",독서관련이 늘어났으면 좋겠습니다.,예 (현재 대학원 재학 중일 경우도 포함),자대 타과,졸업 후 취직 이후,자기계발,,사기업,유통/판매,,,2000만원 이상 2500만원 이하,1년,,"민간 채용정보 사이트 (잡코리아, 사람인 등)",매우 아니다,학과 홈페이지;메일 (개인 이메일을 통한 취업 정보 공유);학과 단톡;졸업생과 재학생의 정기적 만남,재학생/졸업생 비대면 만남 (ZOOM 등),,,,,,,,,,,,,,,,,,,,,,,,,,,,,,,,,,,,,,,,,,,,,,,,,,,,,,,,,,,,,,,,,,,,,,,,
2021/02/16 10:36:12 오전 GMT+9,여성,재학생 (대학원생 포함),2017,아니오,아니오,,아니오,,개인의 삶의 방향에 대한 가치관이 정립되지 않았음;본인이 아직 뭘 잘하는지 잘 모름;본인이 아직 뭘 좋아하는지 잘 모름,없음,"진로에 대한 생각은 하고 있는데, 뚜렷한 방향을 잡을 수 없다",혼자 고민한다,급여수준,적성과 흥미,사회적 인식,아니오,,정해 둔 진로가 없어서,문과라거 다양한 곳에 진출할 수 있다고 생각,취업 선택의 폭 확장,학점 부담;학습량 부담;시간적 부담 (추가학기 가능성),아니요,,,,"정보서비스 (정보서비스론, 정보시스템구축론 등)",,아니오,,,,연구에 관심 없음;높은 수업료,사기업,경영/사무,,,2000만원 이상 2500만원 이하,1년,,"정부 채용정보 사이트 (위크넷, 월드잡 등)",매우 아니다,메일 (개인 이메일을 통한 취업 정보 공유);학과 단톡,오픈채팅방(카카오톡 등);재학생/졸업생 대면 만남,,,,,,,,,,,,,,,,,,,,,,,,,,,,,,,,,,,,,,,,,,,,,,,,,,,,,,,,,,,,,,,,,,,,,,,,
2021/02/16 10:36:14 오전 GMT+9,여성,재학생 (대학원생 포함),2020,아니오,예,사서;사서 교사;언론인;공무원,예,사서;사서 교사;언론인;공무원,,다르지 않음. 아직 구체적으로는 고민해보지 않았기 때문에,"진로에 대한 정보를 얻을 곳이 없다;진로에 대한 생각은 하고 있는데, 뚜렷한 방향을 잡을 수 없다",인터넷 검색을 한다;혼자 고민한다,적성과 흥미,자아실현,사회적 인식,아니오,,"정해둔 진로는 있는데, 뭘 해야할지 잘 몰라서",대표적으로 사서가 있지만 뭐든 할 수 있다고 생각한다. 하지만 그만큼 노력없이는 문헌정보학을 전공했다는 이유만으로 직업을 얻기는 쉽지 않은거 같다.,다양한 학문을 접할 수 있는 기회;취업 선택의 폭 확장,학습량 부담;시간적 부담 (추가학기 가능성),예,복수전공: 언론정보전공,언론쪽에 생각이 있어서,현재는 수강신청에서 어려움을 겪는 것 같다,"자료조직 (멀티미디어데이터관리, 메타데이터구조론, 문헌분류론, 자료조직연습 등)",,예 (현재 대학원 재학 중일 경우도 포함),자대 문헌정보학과;자대 타과,졸업 후 바로,자기계발;전문성 강화,,사기업,경영/사무,,,5500만원 이상,4년,다양한 직업군의 선배들을 만나 상담할 수 있는 프로그램이 필요하다고 생각합니다,"인터넷 포털 사이트 (네이버, 다음 등)",보통이다,학과 단톡;졸업생과 재학생의 정기적 만남;직업 관련 강연,재학생/졸업생 대면 만남,,,,,,,,,,,,,,,,,,,,,,,,,,,,,,,,,,,,,,,,,,,,,,,,,,,,,,,,,,,,,,,,,,,,,,,,
2021/02/16 10:37:07 오전 GMT+9,여성,졸업생,,,,,,,,,,,,,,,,,,,,,,,,,,,,,,,,,,,,,,,,,,2021.0,아니오,,,,,,,,,,,,,,,,,,,,,,,,,,,,,,,,,,,,,,,방송국,국립도서관,,,"3,500만원 이상 4,000만원 미만",1년,"실습, 인턴;대외활동(서포터즈, 학회, 동아리, 스터디 등)",취업 정보 부족;심리적 부담감;고용 기회 부족,사회적 인식,자아 실현,고용안정성,아니오,,,,연구에 관심이 없음;교과과정의 불만족;대학원에 대한 정보 부족,예,자대 문헌정보학과;타대 타과,그렇다,다양한 학문을 접할 수 있는 기회;취업 선택의 폭 확장;인맥 확장,학점 부담;학습량 부담;시간적 부담 (추가학기 가능성),아니오,,,,제 학점이 낮아서 어차피 원하는 전공을 선택할 수 없었습니다. 저학년 때는 취업과 학업에 큰 뜻이 없었기 때문에 복수전공 이수를 생각하지 못했습니다. ,제한이 없다고 생각합니다.,프로그램은 잘 모르겠지만 교 수 님 의 조 언 이 도움이 많이 될 것 같습니다. ,"정보학 (정보학개론, 정보검색론 등)",,아니다,학과 홈페이지
2021/02/16 10:41:48 오전 GMT+9,여성,재학생 (대학원생 포함),2019,아니오,아니오,,예,사서,,다르지 않음,진로에 대한 정보를 얻을 곳이 없다,친구들과 의논한다,워라밸,적성과 흥미,고용안정성,예,학업성적,,사서 데이터전문가 기록물관리자 큐레이터 출판업자 등,다양한 학문을 접할 수 있는 기회;취업 선택의 폭 확장,학습량 부담;시간적 부담 (추가학기 가능성),아니요,,,,"도서관경영 (도서관 경영론, 도서관 마케팅론 등)",,아니오,,,,연구에 관심 없음,사서직,,"국가도서관 (국회, 국립중앙, 법원 도서관);공공도서관 (지자체, 교육청 소속 도서관 등)",,2500만원 이상 3000만원 미만,1년,,"민간 채용정보 사이트 (잡코리아, 사람인 등);인터넷 포털 사이트 (네이버, 다음 등)",보통이다,학과 인스타그램;졸업생과 재학생의 정기적 만남;직업 관련 강연,오픈채팅방(카카오톡 등);재학생/졸업생 비대면 만남 (ZOOM 등),,,,,,,,,,,,,,,,,,,,,,,,,,,,,,,,,,,,,,,,,,,,,,,,,,,,,,,,,,,,,,,,,,,,,,,,
2021/02/16 10:42:20 오전 GMT+9,여성,졸업생,,,,,,,,,,,,,,,,,,,,,,,,,,,,,,,,,,,,,,,,,,2020.0,예,사서교사,,,,만족,2500만원 이상 3000만원 미만,워라밸,고용안정성,사회적 인식,아니오,,,,1년,"학업성적;각종 자격증 취득;봉사(사회기여) 활동;실습, 인턴;교직이수",취업 정보 부족;심리적 부담감;고용 기회 부족,그렇다,아니오,,,,대학원에 대한 정보 부족,예,자대 문헌정보학과,보통이다,취업 선택의 폭 확장;인맥 확장,학습량 부담;시간적 부담 (추가학기 가능성),아니오,,,,교직이수로 인하여 시간 부족,"사서공무원, 사서교사, 계약직 사서, 기업도서관 취업, 데이터 분석가 등","2-3학년 시기에 취업에 관련된 다양한 멘토링으로 취업 및 진로에 관한 구체적인 정보 획득 필요 (선배와 연결, 교수님과의 면담, 관련 기업 특강 등)","정보서비스 (정보서비스론, 정보시스템구축론 등)",,그렇지 않다,오픈채팅방(카카오톡 등);재학생/졸업생 비대면 만남 (ZOOM 등);재학생/졸업생 대면 만남;에브리타임,,,,,,,,,,,,,,,,,,,,,,,,,,,,,,,,
2021/02/16 10:42:22 오전 GMT+9,여성,재학생 (대학원생 포함),2019,예 (2021년 입학예정 포함),예,사서,예,사서,,다르지않음,"진로에 대한 생각은 하고 있는데, 뚜렷한 방향을 잡을 수 없다",인터넷 검색을 한다,고용안정성,워라밸,급여수준,예,학업성적;각종 자격증 취득,,"사서외의 정보, 데이터 등의 직업군은 본인의 기술습득과 노력에 따라 가능은 하다고 봄",다양한 학문을 접할 수 있는 기회;취업 선택의 폭 확장,학습량 부담;전문성 약화,아니요,,,,"도서관경영 (도서관 경영론, 도서관 마케팅론 등)",없음,예 (현재 대학원 재학 중일 경우도 포함),자대 문헌정보학과,졸업 후 4년 이후,자기계발;전문성 강화,,사서직,,"국가도서관 (국회, 국립중앙, 법원 도서관);공공도서관 (지자체, 교육청 소속 도서관 등)",,5000만원 이상 5500만원 미만,1년 이내,산학연계,"인터넷 포털 사이트 (네이버, 다음 등)",보통이다,학과 홈페이지,오픈채팅방(카카오톡 등);재학생/졸업생 대면 만남,,,,,,,,,,,,,,,,,,,,,,,,,,,,,,,,,,,,,,,,,,,,,,,,,,,,,,,,,,,,,,,,,,,,,,,,
2021/02/16 10:43:57 오전 GMT+9,여성,졸업생,,,,,,,,,,,,,,,,,,,,,,,,,,,,,,,,,,,,,,,,,,2020.0,예,공기업,,경영 · 사무,,만족,3500만원 이상 4000만원 미만,고용안정성,급여 수준,적성과 흥미,아니오,,,,1년 이내,"각종 자격증 취득;어학 준비;실습, 인턴;대외활동(서포터즈, 학회, 동아리, 스터디 등)",심리적 부담감,그렇다,아니오,,,,연구에 관심이 없음,예,자대 타과,매우 그렇다,취업 선택의 폭 확장,학습량 부담;시간적 부담 (추가학기 가능성),예,복수전공:경영학부,취업에 유리할것 같아서,수료하기 위해 채워야할 학점이 너무 많음,,"사서, 일반 사무직",취업 연계 프로그램(인턴 등),"도서관경영 (도서관 경영론, 도서관 마케팅론 등)",데이터,그렇지 않다,오픈채팅방(카카오톡 등);재학생/졸업생 대면 만남;학과 홈페이지,,,,,,,,,,,,,,,,,,,,,,,,,,,,,,,,
2021/02/16 10:45:35 오전 GMT+9,남성,재학생 (대학원생 포함),2020,아니오,예,언론인;일반 사기업;공기업,아니오,,개인의 삶의 방향에 대한 가치관이 정립되지 않았음,입학 후 그래도 이전보다 더 많은 것을 듣고 경험하다 보니 생각이 많아졌기 때문이다.,"진로에 대한 생각은 하고 있는데, 뚜렷한 방향을 잡을 수 없다",친구들과 의논한다,급여수준,적성과 흥미,사회적 인식,예,"각종 자격증 취득;실습, 인턴",,과학 부문을 제외하고는 거의 모든 진로의 폭을 가지고 있다고 생각한다,다양한 학문을 접할 수 있는 기회;취업 선택의 폭 확장,학습량 부담,아니요,,,,"정보학 (데이터 사이언스 개론, 정보검색론, 정보학개론 등)",,아니오,,,,연구에 관심 없음,사기업,경영/사무,,,2500만원 이상 3000만원 미만,3년,,"인터넷 포털 사이트 (네이버, 다음 등)",매우 그렇다,학과 단톡,오픈채팅방(카카오톡 등);학과 홈페이지,,,,,,,,,,,,,,,,,,,,,,,,,,,,,,,,,,,,,,,,,,,,,,,,,,,,,,,,,,,,,,,,,,,,,,,,
2021/02/16 10:53:20 오전 GMT+9,여성,졸업생,,,,,,,,,,,,,,,,,,,,,,,,,,,,,,,,,,,,,,,,,,2020.0,예,사서직,학교도서관,,,만족,,적성과 흥미,고용안정성,자아 실현,아니오,,,,1년,"각종 자격증 취득;봉사(사회기여) 활동;어학 준비;실습, 인턴;교내활동(동아리, 학생회, 학회, 스터디 등);대외활동(서포터즈, 학회, 동아리, 스터디 등)",취업 정보 부족;심리적 부담감;고용 기회 부족,그렇다,아니오,,,,대학원에 대한 정보 부족,예,자대 문헌정보학과;타대 문헌정보학과,그렇다,다양한 학문을 접할 수 있는 기회;취업 선택의 폭 확장,학점 부담;시간적 부담 (추가학기 가능성),아니오,,,,교직이수,"사서직, 데이터사이언티스트",취업 정보,"도서관경영 (도서관 경영론, 도서관 마케팅론 등)",데이터사이언스,보통이다,재학생/졸업생 대면 만남,,,,,,,,,,,,,,,,,,,,,,,,,,,,,,,,
2021/02/16 10:57:03 오전 GMT+9,여성,재학생 (대학원생 포함),2021,아니오,아니오,,아니오,,문헌정보학 전공자가 진출 가능한 분야에 대한 정보 부족;본인이 아직 뭘 잘하는지 잘 모름;본인이 아직 뭘 좋아하는지 잘 모름,희망진로 없음 ,"진로에 대한 생각은 하고 있는데, 뚜렷한 방향을 잡을 수 없다",인터넷 검색을 한다;혼자 고민한다,적성과 흥미,워라밸,고용안정성,아니오,,정해 둔 진로가 없어서,도서관 사서,다양한 학문을 접할 수 있는 기회;취업 선택의 폭 확장,학습량 부담,아니요,,,,"자료조직 (멀티미디어데이터관리, 메타데이터구조론, 문헌분류론, 자료조직연습 등)",,아니오,,,,연구에 관심 없음,공기업,경영/사무;IT/인터넷,,,3500만원 이상 4000만원 미만,2년,,"정부 채용정보 사이트 (위크넷, 월드잡 등)",보통이다,학과 홈페이지;학과 단톡;직업 관련 강연,오픈채팅방(카카오톡 등);재학생/졸업생 비대면 만남 (ZOOM 등);학과 홈페이지,,,,,,,,,,,,,,,,,,,,,,,,,,,,,,,,,,,,,,,,,,,,,,,,,,,,,,,,,,,,,,,,,,,,,,,,
2021/02/16 10:59:23 오전 GMT+9,여성,재학생 (대학원생 포함),2018,아니오,예,사서;데이터 전문가,아니오,,개인의 삶의 방향에 대한 가치관이 정립되지 않았음;본인이 아직 뭘 잘하는지 잘 모름;본인이 아직 뭘 좋아하는지 잘 모름,"전공 공부에 대해 생각했던 것과 달라 실망했다. (사서에 지나치게 집중되어있는 커리큘럼과 외우기만 하고 내 생각을 말할 수 없는 지루한 수업방식. ).
","관심분야가 무엇인지 모르겠다;진로에 대한 생각은 하고 있는데, 뚜렷한 방향을 잡을 수 없다",친구들과 의논한다;교수님께 상담 신청을 한다;인터넷 검색을 한다;에브리타임에서 찾아본다;혼자 고민한다,자아실현,급여수준,사회적 인식,예,"학업성적;어학 준비;실습, 인턴;대외활동(서포터즈, 학회, 동아리, 스터디 등)",,사서. 데이터 전문가 . 기록 수집가. ,다양한 학문을 접할 수 있는 기회;취업 선택의 폭 확장,학습량 부담,예,영어영문학과,관심이 있어서 ,"적은 수강여석으로 인해 수강신청과 수업, 교수님에 대한 정보 부족. ","정보학 (데이터 사이언스 개론, 정보검색론, 정보학개론 등)",정보학에 관련한 수업이 더 있었으면 좋겠다. ,아니오,,,,높은 수업료,사서직,,"국가도서관 (국회, 국립중앙, 법원 도서관)",,3000만원 이상 3500만원 미만,3년,,"민간 채용정보 사이트 (잡코리아, 사람인 등);정부 채용정보 사이트 (위크넷, 월드잡 등);인터넷 포털 사이트 (네이버, 다음 등)",매우 아니다,학과 단톡;졸업생과 재학생의 정기적 만남,재학생/졸업생 대면 만남;학과 홈페이지;학과 인스타그램;에브리타임,,,,,,,,,,,,,,,,,,,,,,,,,,,,,,,,,,,,,,,,,,,,,,,,,,,,,,,,,,,,,,,,,,,,,,,,
2021/02/16 10:59:39 오전 GMT+9,여성,재학생 (대학원생 포함),2018,아니오,예,사서;사서 교사,예,사서,,교직 이수를 하지 못했음.,고민이 없다,친구들과 의논한다;선배들과 의논한다;인터넷 검색을 한다,워라밸,적성과 흥미,급여수준,예,각종 자격증 취득;봉사(사회기여) 활동,,"사서 등의 도서관 계열, 보안 등의 컴퓨터 계열, 구글 등의 데이터베이스 계열",다양한 학문을 접할 수 있는 기회;취업 선택의 폭 확장,학점 부담;학습량 부담;시간적 부담 (추가학기 가능성),아니요,,,,"자료조직 (멀티미디어데이터관리, 메타데이터구조론, 문헌분류론, 자료조직연습 등)",,아니오,,,,연구에 관심 없음;높은 수업료,사서직,,"공공도서관 (지자체, 교육청 소속 도서관 등)",,4500만원 이상 5000만원 미만,1년 이내,,"인터넷 포털 사이트 (네이버, 다음 등);본교 취업지원 센터 및 레인보우 시스템",보통이다,학과 인스타그램;학과 홈페이지;직업 관련 강연,재학생/졸업생 비대면 만남 (ZOOM 등);학과 홈페이지,,,,,,,,,,,,,,,,,,,,,,,,,,,,,,,,,,,,,,,,,,,,,,,,,,,,,,,,,,,,,,,,,,,,,,,,
2021/02/16 11:06:31 오전 GMT+9,여성,졸업생,,,,,,,,,,,,,,,,,,,,,,,,,,,,,,,,,,,,,,,,,,2020.0,예,사서직,"공공도서관 (지자체, 교육청 소속 도서관 등)",,,만족,,고용안정성,워라밸,적성과 흥미,예,적성과 흥미,급여 수준,조직문화,1년 이내,"각종 자격증 취득;어학 준비;교내활동(동아리, 학생회, 학회, 스터디 등)",경제적 어려움;심리적 부담감;고용 기회 부족,그렇다,아니오,,,,연구에 관심이 없음;높은 수업료,아니오,진학 의향없음,보통이다,다양한 학문을 접할 수 있는 기회;취업 선택의 폭 확장,학습량 부담;시간적 부담 (추가학기 가능성),아니오,,,,사서직 공무원 준비를 할생각이었음,"사서, it계열",,"도서관경영 (도서관 경영론, 도서관 마케팅론 등)",,보통이다,오픈채팅방(카카오톡 등);재학생/졸업생 비대면 만남 (ZOOM 등);재학생/졸업생 대면 만남;에브리타임,,,,,,,,,,,,,,,,,,,,,,,,,,,,,,,,
2021/02/16 11:19:05 오전 GMT+9,남성,졸업생,,,,,,,,,,,,,,,,,,,,,,,,,,,,,,,,,,,,,,,,,,2015.0,예,사서직,"공공도서관 (지자체, 교육청 소속 도서관 등)",,,만족,2500만원 이상 3000만원 미만,자아 실현,적성과 흥미,워라밸,예,적성과 흥미,조직문화,워라밸,1년 이내,안했음,경제적 어려움;사회적 인식,전혀 그렇지 않다,예,타대 타과,졸업 후 1년 이후 2년 미만,취업 준비;자기계발;전문성 강화,,,,매우 그렇다,다양한 학문을 접할 수 있는 기회;취업 선택의 폭 확장;인맥 확장,학점 부담;학습량 부담;시간적 부담 (추가학기 가능성),아니오,,,,신청은 했으나 졸업이 미뤄지기 때문에 이수포기함,"사서, 빅데이터전문가, 정보전문가, 프로그래머, 서지학 관련 고고학자, 학예사, 기록관리사",졸업생과의 만남. 멘토멘티,"정보학 (데이터 사이언스 개론, 정보학개론, 정보검색론 등)",평생교육 및 독서문화 프로그램 개발에 관한 과정,보통이다,오픈채팅방(카카오톡 등);에브리타임,,,,,,,,,,,,,,,,,,,,,,,,,,,,,,,,
2021/02/16 11:25:42 오전 GMT+9,여성,재학생 (대학원생 포함),2017,아니오,아니오,,예,사서;출판업;일반 사기업,,"입학당시 희망진로가 딱히 없었고, 재학 중 희망진로가 생김","진로에 대한 정보를 얻을 곳이 없다;진로에 대한 생각은 하고 있는데, 뚜렷한 방향을 잡을 수 없다",친구들과 의논한다;인터넷 검색을 한다;학교 취업 상담 센터를 활용한다,적성과 흥미,자아실현,고용안정성,예,"학업성적;각종 자격증 취득;대외활동(서포터즈, 학회, 동아리, 스터디 등)",,"사서, 빅데이터, 기업취직 등",다양한 학문을 접할 수 있는 기회;취업 선택의 폭 확장,학점 부담;학습량 부담,아니요,,,,"자료조직 (멀티미디어데이터관리, 메타데이터구조론, 문헌분류론, 자료조직연습 등)",,아니오,,,,연구에 관심 없음,사서직,,"공공도서관 (지자체, 교육청 소속 도서관 등)",,2500만원 이상 3000만원 미만,3년,취업관련정보를 취득할수있는 통로가 적다고느낍니다,"민간 채용정보 사이트 (잡코리아, 사람인 등);본교 취업지원 센터 및 레인보우 시스템",아니다,학과 홈페이지;메일 (개인 이메일을 통한 취업 정보 공유),학과 홈페이지,,,,,,,,,,,,,,,,,,,,,,,,,,,,,,,,,,,,,,,,,,,,,,,,,,,,,,,,,,,,,,,,,,,,,,,,
2021/02/16 11:28:25 오전 GMT+9,여성,재학생 (대학원생 포함),2019,아니오,예,사서;사서 교사,예,사서;공무원,,교직이수 어려움,"진로에 대한 생각은 하고 있는데, 뚜렷한 방향을 잡을 수 없다",인터넷 검색을 한다;혼자 고민한다,고용안정성,워라밸,적성과 흥미,예,"각종 자격증 취득;실습, 인턴",,자료 및 정보 관리 업종 ,다양한 학문을 접할 수 있는 기회;취업 선택의 폭 확장,학점 부담;학습량 부담,예,융합전공 소프트웨어 인문 융합전공,진로 다양성에 도움이 될 것 같아서,수업 내용을 따라가기 벅참,"정보서비스 (정보서비스론, 정보시스템구축론 등)",,아니오,,,,연구에 관심 없음,사서직,,"국가도서관 (국회, 국립중앙, 법원 도서관);공공도서관 (지자체, 교육청 소속 도서관 등);대학도서관",,2500만원 이상 3000만원 미만,1년,,"민간 채용정보 사이트 (잡코리아, 사람인 등);인터넷 포털 사이트 (네이버, 다음 등);본교 취업지원 센터 및 레인보우 시스템",보통이다,학과 인스타그램;학과 홈페이지;메일 (개인 이메일을 통한 취업 정보 공유),오픈채팅방(카카오톡 등);재학생/졸업생 대면 만남;학과 홈페이지;학과 인스타그램,,,,,,,,,,,,,,,,,,,,,,,,,,,,,,,,,,,,,,,,,,,,,,,,,,,,,,,,,,,,,,,,,,,,,,,,
2021/02/16 11:40:45 오전 GMT+9,여성,재학생 (대학원생 포함),2020,아니오,예,사서,예,사서,,"다르지않음. 사서를 목표로 하여 문헌정보학과에 입학했고, 전공과목을 배우면서 사서로서 해야하는 일과 사서에게 필요한 전공지식 등에 대해 알아갈수 있었음. 그래서 계속해서 사서를 희망하고 있음.",진로에 대한 정보를 얻을 곳이 없다,친구들과 의논한다;인터넷 검색을 한다,적성과 흥미,고용안정성,급여수준,예,"학업성적;교내활동(동아리, 학생회, 학회, 스터디 등);사서 시험 과목 예습",,"사서, 사서교사, 정보관리사, 출판업계, 기록관리사, 공무원, 데이터관리, 고문헌 연구, 일반 기업 취직 등이 있다고 생각.",다양한 학문을 접할 수 있는 기회;취업 선택의 폭 확장,학점 부담;학습량 부담;시간적 부담 (추가학기 가능성),아니요,,,,"정보서비스 (정보서비스론, 정보시스템구축론 등)",,아니오,,,,연구에 관심 없음;취직,사서직,,"국가도서관 (국회, 국립중앙, 법원 도서관);공공도서관 (지자체, 교육청 소속 도서관 등)",,2500만원 이상 3000만원 미만,1년,희망 분야 탐색,"인터넷 포털 사이트 (네이버, 다음 등);본교 취업지원 센터 및 레인보우 시스템",보통이다,학과 인스타그램;학과 홈페이지;메일 (개인 이메일을 통한 취업 정보 공유);직업 관련 강연,오픈채팅방(카카오톡 등);재학생/졸업생 비대면 만남 (ZOOM 등);학과 홈페이지;학과 인스타그램;에브리타임,,,,,,,,,,,,,,,,,,,,,,,,,,,,,,,,,,,,,,,,,,,,,,,,,,,,,,,,,,,,,,,,,,,,,,,,
2021/02/16 11:56:17 오전 GMT+9,여성,재학생 (대학원생 포함),2015,예 (2021년 입학예정 포함),예,기록물 관리자;대학교 (교수 및 직원);공기업,예,기록물 관리자;대학교 (교수 및 직원),,전공과 관련된 직무를 하고 싶어짐,진로에 대한 정보를 얻을 곳이 없다,친구들과 의논한다;인터넷 검색을 한다;인턴이든 실습이든 뭐든 해본다,고용안정성,워라밸,급여수준,아니오,,아직 준비하기에 이르다고 생각해서;아직 논문도 못씀..,사서,다양한 학문을 접할 수 있는 기회;취업 선택의 폭 확장;인맥 확장,시간적 부담 (추가학기 가능성),예,아시아문화학부 중국어문학전공,중국어를 좋아해서,없음,"서지학 (고문헌목록연습, 동양문헌의 이해, 서지학개론 등)",모르겠다,예 (현재 대학원 재학 중일 경우도 포함),자대 문헌정보학과,졸업 후 바로,전문성 강화,,사서직,,대학도서관,,3000만원 이상 3500만원 미만,1년 이내,일단 서로 정보공유라도 잘 됐으면 ..,"민간 채용정보 사이트 (잡코리아, 사람인 등);기업, 정부 및 관련기관의 채용 박람회",매우 아니다,학과 단톡;졸업생과 재학생의 정기적 만남,오픈채팅방(카카오톡 등);재학생/졸업생 비대면 만남 (ZOOM 등);에브리타임,,,,,,,,,,,,,,,,,,,,,,,,,,,,,,,,,,,,,,,,,,,,,,,,,,,,,,,,,,,,,,,,,,,,,,,,
2021/02/16 12:05:45 오후 GMT+9,여성,재학생 (대학원생 포함),2017,아니오,아니오,,예,사서;데이터 전문가;개발자 (프로그래머),,그때는 심리적으로 안정되지 않았고 과도 맞지 않았었기 때문입니다,"진로에 대한 생각은 하고 있는데, 뚜렷한 방향을 잡을 수 없다",혼자 고민한다,고용안정성,조직문화,적성과 흥미,예,"학업성적;각종 자격증 취득;교내활동(동아리, 학생회, 학회, 스터디 등)",,사서 빅데이터전문가 사서교사 공무원,다양한 학문을 접할 수 있는 기회;취업 선택의 폭 확장,학습량 부담;시간적 부담 (추가학기 가능성),예,복수전공:전자전기공학부 문헌정보학과,적성에 맞을 거라고 생각해서,없음,"정보학 (데이터 사이언스 개론, 정보검색론, 정보학개론 등)",정보학,아니오,,,,연구에 관심 없음,사서직,,"국가도서관 (국회, 국립중앙, 법원 도서관);공공도서관 (지자체, 교육청 소속 도서관 등)",,2500만원 이상 3000만원 미만,1년,인사초청강연회,"민간 채용정보 사이트 (잡코리아, 사람인 등);인터넷 포털 사이트 (네이버, 다음 등)",그렇다,메일 (개인 이메일을 통한 취업 정보 공유);직업 관련 강연,학과 인스타그램;에브리타임,,,,,,,,,,,,,,,,,,,,,,,,,,,,,,,,,,,,,,,,,,,,,,,,,,,,,,,,,,,,,,,,,,,,,,,,
2021/02/16 12:07:58 오후 GMT+9,남성,졸업생,,,,,,,,,,,,,,,,,,,,,,,,,,,,,,,,,,,,,,,,,,18.0,예,사기업,,IT · 인터넷,,매우 만족,3500만원 이상 4000만원 미만,적성과 흥미,조직문화,급여 수준,예,적성과 흥미,조직문화,급여 수준,1년 이내,학업성적;각종 자격증 취득,경제적 어려움;취업 정보 부족,매우 그렇다,아니오,,,,대학원에 대한 정보 부족,아니오,진학 의향없음,그렇다,다양한 학문을 접할 수 있는 기회,학점 부담;학습량 부담,아니오,,,,빠듯함,사서 ,It,"정보학 (데이터 사이언스 개론, 정보학개론, 정보검색론 등)",DB,그렇다,재학생/졸업생 비대면 만남 (ZOOM 등);재학생/졸업생 대면 만남;학과 홈페이지,,,,,,,,,,,,,,,,,,,,,,,,,,,,,,,,
2021/02/16 12:12:01 오후 GMT+9,여성,재학생 (대학원생 포함),2020,아니오,예,사서 교사,예,사서 교사,,다르지 않음. 내가 입학 전 예상했던 희망진로의 모습과 크게 다르지 않았기에,진로에 대한 정보를 얻을 곳이 없다,친구들과 의논한다,적성과 흥미,급여수준,고용안정성,예,"학업성적;대외활동(서포터즈, 학회, 동아리, 스터디 등)",,"사서 공무원 , 데이터 전문가, 사서 교사, 출판사 취업 등등 ",다양한 학문을 접할 수 있는 기회;취업 선택의 폭 확장;인맥 확장,학점 부담;시간적 부담 (추가학기 가능성),아니요,,,,"도서관경영 (도서관 경영론, 도서관 마케팅론 등)",,아니오,,,,취업 시기가 늦춰지므로,사서직,,"공공도서관 (지자체, 교육청 소속 도서관 등)",,3000만원 이상 3500만원 미만,1년 이내,,"정부 채용정보 사이트 (위크넷, 월드잡 등)",보통이다,학과 홈페이지;메일 (개인 이메일을 통한 취업 정보 공유),오픈채팅방(카카오톡 등);재학생/졸업생 비대면 만남 (ZOOM 등);재학생/졸업생 대면 만남,,,,,,,,,,,,,,,,,,,,,,,,,,,,,,,,,,,,,,,,,,,,,,,,,,,,,,,,,,,,,,,,,,,,,,,,
2021/02/16 12:26:05 오후 GMT+9,남성,재학생 (대학원생 포함),2016,아니오,예,언론인,예,일반 사기업;공기업,,방송국 채용 시장의 축소,"진로에 대한 정보를 얻을 곳이 없다;진로에 대한 생각은 하고 있는데, 뚜렷한 방향을 잡을 수 없다",친구들과 의논한다;인터넷 검색을 한다;에브리타임에서 찾아본다;혼자 고민한다,급여수준,워라밸,사회적 인식,예,"학업성적;각종 자격증 취득;봉사(사회기여) 활동;어학 준비;실습, 인턴;교내활동(동아리, 학생회, 학회, 스터디 등);대외활동(서포터즈, 학회, 동아리, 스터디 등)",,"사서, 데이터분석가, 교사",다양한 학문을 접할 수 있는 기회;취업 선택의 폭 확장;인맥 확장,학점 부담;학습량 부담,예,연합전공:유통관리,"경영학,경제학에 대한 배움의 기회",없음,"정보학 (데이터 사이언스 개론, 정보검색론, 정보학개론 등)",,아니오,,,,연구에 관심 없음;높은 수업료,공기업,경영/사무,,,5000만원 이상 5500만원 미만,1년 이내,"굳이 문헌정보학과와 관련 없더라도, 다양한 공기업 및 사기업에 계신 선배님들과의 만남의 기회 창출","민간 채용정보 사이트 (잡코리아, 사람인 등);인터넷 포털 사이트 (네이버, 다음 등)",매우 아니다,학과 인스타그램;학과 홈페이지;메일 (개인 이메일을 통한 취업 정보 공유);학과 단톡;졸업생과 재학생의 정기적 만남;직업 관련 강연;다양한 채널을 활용하는 게 중요하다고 생각합니다,오픈채팅방(카카오톡 등);재학생/졸업생 비대면 만남 (ZOOM 등);재학생/졸업생 대면 만남,,,,,,,,,,,,,,,,,,,,,,,,,,,,,,,,,,,,,,,,,,,,,,,,,,,,,,,,,,,,,,,,,,,,,,,,
2021/02/16 1:03:12 오후 GMT+9,여성,재학생 (대학원생 포함),기타,예 (2021년 입학예정 포함),예,개발자 (프로그래머),예,공무원,,다르지 않음,관심분야가 무엇인지 모르겠다,교수님께 상담 신청을 한다,고용안정성,조직문화,사회적 인식,예,"실습, 인턴",,몰라뭐든,취업 선택의 폭 확장,학습량 부담,예,금융공학,좋아,없음,"정보학 (데이터 사이언스 개론, 정보검색론, 정보학개론 등)",,예 (현재 대학원 재학 중일 경우도 포함),자대 타과,졸업 후 1년 이후 2년 미만,취업준비,,자영업,,,,5000만원 이상 5500만원 미만,2년,,"정부 채용정보 사이트 (위크넷, 월드잡 등)",매우 아니다,메일 (개인 이메일을 통한 취업 정보 공유),재학생/졸업생 비대면 만남 (ZOOM 등),,,,,,,,,,,,,,,,,,,,,,,,,,,,,,,,,,,,,,,,,,,,,,,,,,,,,,,,,,,,,,,,,,,,,,,,
2021/02/16 1:07:54 오후 GMT+9,여성,졸업생,,,,,,,,,,,,,,,,,,,,,,,,,,,,,,,,,,,,,,,,,,2020.0,예,사기업,,IT · 인터넷,,매우 만족,4500만원 이상 5000만원 미만,적성과 흥미,급여 수준,자아 실현,아니오,,,,2년,"학업성적;각종 자격증 취득;어학 준비;실습, 인턴;교내활동(동아리, 학생회, 학회, 스터디 등);대외활동(서포터즈, 학회, 동아리, 스터디 등)",심리적 부담감;고용 기회 부족,그렇다,예,타대 타과,졸업 후 1년 이후 2년 미만,자기계발;전문성 강화,,,,매우 그렇다,취업 선택의 폭 확장,학습량 부담;시간적 부담 (추가학기 가능성),아니오,,,,접근기회 부족,"사서, 사서교사, 기록관리사, DBA",,"정보학 (데이터 사이언스 개론, 정보학개론, 정보검색론 등)",,전혀 그렇지 않다,재학생/졸업생 대면 만남,,,,,,,,,,,,,,,,,,,,,,,,,,,,,,,,
2021/02/16 1:10:48 오후 GMT+9,여성,재학생 (대학원생 포함),2019,아니오,예,사서;사서 교사;출판업;공무원,예,사서;사서 교사;출판업;공무원,,"다르지 않음, 입학 후 배우는 내용이 진로에 크게 영향을 주지 않음",진로에 대한 정보를 얻을 곳이 없다,친구들과 의논한다;인터넷 검색을 한다;에브리타임에서 찾아본다;혼자 고민한다,적성과 흥미,워라밸,고용안정성,예,학업성적;각종 자격증 취득,,"사서, 데이터 관련 직업",다양한 학문을 접할 수 있는 기회;취업 선택의 폭 확장,학점 부담;학습량 부담;시간적 부담 (추가학기 가능성),예,공공관리 연계전공,공무원 준비,"정보 취득, 과목 신청","서지학 (고문헌목록연습, 동양문헌의 이해, 서지학개론 등)",없음,예 (현재 대학원 재학 중일 경우도 포함),자대 문헌정보학과,졸업 후 바로,취업준비,,정부(공무원),,,"교육행정, 사서직",2000만원 이상 2500만원 이하,2년,멘토링,"민간 채용정보 사이트 (잡코리아, 사람인 등);정부 채용정보 사이트 (위크넷, 월드잡 등);인터넷 포털 사이트 (네이버, 다음 등)",아니다,학과 인스타그램;학과 홈페이지;메일 (개인 이메일을 통한 취업 정보 공유);졸업생과 재학생의 정기적 만남;직업 관련 강연,오픈채팅방(카카오톡 등),,,,,,,,,,,,,,,,,,,,,,,,,,,,,,,,,,,,,,,,,,,,,,,,,,,,,,,,,,,,,,,,,,,,,,,,
2021/02/16 1:14:10 오후 GMT+9,여성,재학생 (대학원생 포함),2020,아니오,아니오,,아니오,,개인의 삶의 방향에 대한 가치관이 정립되지 않았음;문헌정보학 전공자가 진출 가능한 분야에 대한 정보 부족;본인이 아직 뭘 잘하는지 잘 모름;본인이 아직 뭘 좋아하는지 잘 모름,희망진로 없음,관심분야가 무엇인지 모르겠다;진로에 대한 정보를 얻을 곳이 없다,친구들과 의논한다;인터넷 검색을 한다;혼자 고민한다,워라밸,급여수준,조직문화,아니오,,정해 둔 진로가 없어서,"도서관 사서, 공무원, 데이터 관련",다양한 학문을 접할 수 있는 기회;취업 선택의 폭 확장,학점 부담;학습량 부담;시간적 부담 (추가학기 가능성),아니요,,,,"정보학 (데이터 사이언스 개론, 정보검색론, 정보학개론 등)",,아니오,,,,연구에 관심 없음,사기업,경영/사무,,,3500만원 이상 4000만원 미만,1년,,"민간 채용정보 사이트 (잡코리아, 사람인 등);인터넷 포털 사이트 (네이버, 다음 등)",아니다,학과 인스타그램;메일 (개인 이메일을 통한 취업 정보 공유);학과 단톡,오픈채팅방(카카오톡 등);학과 인스타그램,,,,,,,,,,,,,,,,,,,,,,,,,,,,,,,,,,,,,,,,,,,,,,,,,,,,,,,,,,,,,,,,,,,,,,,,
2021/02/16 1:22:28 오후 GMT+9,여성,재학생 (대학원생 포함),2020,아니오,예,출판업;기록물 관리자;데이터 전문가;언론인;일반 사기업;공기업,예,사서 교사;출판업;기록물 관리자;대학교 (교수 및 직원);데이터 전문가;언론인;일반 사기업;공기업;공무원,,다르지 않음,"진로에 대한 생각은 하고 있는데, 뚜렷한 방향을 잡을 수 없다",인터넷 검색을 한다;에브리타임에서 찾아본다,워라밸,급여수준,조직문화,예,학업성적;어학 준비,,ai관련 융합 가능하다 생각함,다양한 학문을 접할 수 있는 기회;취업 선택의 폭 확장;인맥 확장,학습량 부담;시간적 부담 (추가학기 가능성),아니요,,,,"정보학 (데이터 사이언스 개론, 정보검색론, 정보학개론 등)",,아니오,,,,연구에 관심 없음,사기업,영업/고객상담;IT/인터넷;서비스,,,5500만원 이상,1년,,"민간 채용정보 사이트 (잡코리아, 사람인 등);정부 채용정보 사이트 (위크넷, 월드잡 등);인터넷 포털 사이트 (네이버, 다음 등)",보통이다,학과 홈페이지,재학생/졸업생 대면 만남;학과 홈페이지;학과 인스타그램;에브리타임,,,,,,,,,,,,,,,,,,,,,,,,,,,,,,,,,,,,,,,,,,,,,,,,,,,,,,,,,,,,,,,,,,,,,,,,
2021/02/16 1:31:58 오후 GMT+9,여성,재학생 (대학원생 포함),2019,아니오,아니오,,예,대학교 (교수 및 직원);데이터 전문가;공무원,,입학당시는 희망진로가 없었지만 지금은 학과 수업을 통해 새로운 분야를 접하며 흥미를 찾았다고 느낌,"진로에 대한 생각은 하고 있는데, 뚜렷한 방향을 잡을 수 없다",친구들과 의논한다;인터넷 검색을 한다;혼자 고민한다,적성과 흥미,워라밸,급여수준,예,"학업성적;어학 준비;교내활동(동아리, 학생회, 학회, 스터디 등)",,"데이터 분석가, 사서, 방송관련",다양한 학문을 접할 수 있는 기회;인맥 확장,학습량 부담;시간적 부담 (추가학기 가능성),아니요,,,,"정보학 (데이터 사이언스 개론, 정보검색론, 정보학개론 등)",,예 (현재 대학원 재학 중일 경우도 포함),자대 문헌정보학과,졸업 후 바로,전문성 강화,,공기업,IT/인터넷,,,3500만원 이상 4000만원 미만,1년,,"민간 채용정보 사이트 (잡코리아, 사람인 등)",매우 아니다,학과 홈페이지;메일 (개인 이메일을 통한 취업 정보 공유);졸업생과 재학생의 정기적 만남,재학생/졸업생 대면 만남;학과 홈페이지,,,,,,,,,,,,,,,,,,,,,,,,,,,,,,,,,,,,,,,,,,,,,,,,,,,,,,,,,,,,,,,,,,,,,,,,
2021/02/16 1:37:50 오후 GMT+9,남성,재학생 (대학원생 포함),2019,아니오,아니오,,예,사서;일반 사기업,,심경의 변화 및 적성 파악,"관심분야가 무엇인지 모르겠다;진로에 대한 생각은 하고 있는데, 뚜렷한 방향을 잡을 수 없다",친구들과 의논한다;인터넷 검색을 한다;혼자 고민한다,급여수준,고용안정성,적성과 흥미,예,학업성적;각종 자격증 취득;어학 준비,,"사서, 방송국 진출, 사서교사",취업 선택의 폭 확장,시간적 부담 (추가학기 가능성),아니요,,,,"정보서비스 (정보서비스론, 정보시스템구축론 등)",,아니오,,,,연구에 관심 없음,사기업,경영/사무;유통/판매;서비스,,,4000만원 이상 4500만원 미만,2년,,"민간 채용정보 사이트 (잡코리아, 사람인 등);인터넷 포털 사이트 (네이버, 다음 등);기업, 정부 및 관련기관의 채용 박람회",아니다,학과 인스타그램;메일 (개인 이메일을 통한 취업 정보 공유);학과 단톡,오픈채팅방(카카오톡 등);재학생/졸업생 비대면 만남 (ZOOM 등);학과 인스타그램,,,,,,,,,,,,,,,,,,,,,,,,,,,,,,,,,,,,,,,,,,,,,,,,,,,,,,,,,,,,,,,,,,,,,,,,
2021/02/16 1:50:28 오후 GMT+9,여성,재학생 (대학원생 포함),2019,아니오,예,사서;사서 교사;공무원,예,사서;사서 교사;공무원,,다르지않음,"진로에 대한 정보를 얻을 곳이 없다;진로에 대한 생각은 하고 있는데, 뚜렷한 방향을 잡을 수 없다",인터넷 검색을 한다;에브리타임에서 찾아본다,고용안정성,사회적 인식,워라밸,예,"실습, 인턴",,사서,취업 선택의 폭 확장,학습량 부담;시간적 부담 (추가학기 가능성),예,경영학과,취업의 폭을 늘리기위해,없음,"도서관경영 (도서관 경영론, 도서관 마케팅론 등)",,아니오,,,,연구에 관심 없음,정부(공무원),,,사서직,3000만원 이상 3500만원 미만,1년,,"인터넷 포털 사이트 (네이버, 다음 등)",보통이다,학과 홈페이지;졸업생과 재학생의 정기적 만남;직업 관련 강연,재학생/졸업생 비대면 만남 (ZOOM 등);학과 홈페이지,,,,,,,,,,,,,,,,,,,,,,,,,,,,,,,,,,,,,,,,,,,,,,,,,,,,,,,,,,,,,,,,,,,,,,,,
2021/02/16 2:37:48 오후 GMT+9,여성,재학생 (대학원생 포함),2021,예 (2021년 입학예정 포함),아니오,,아니오,,문헌정보학 전공자가 진출 가능한 분야에 대한 정보 부족,학부를 다니면서 문헌정보학과 전공자가 가질 수 있는 진로가 사서 외에도 다양하다는 것을 알게 됨.,"진로에 대한 생각은 하고 있는데, 뚜렷한 방향을 잡을 수 없다",친구들과 의논한다;선배들과 의논한다;교수님께 상담 신청을 한다;인터넷 검색을 한다,자아실현,적성과 흥미,급여수준,예,"실습, 인턴;교내활동(동아리, 학생회, 학회, 스터디 등)",,"정보와 관련된 것이라면 제한이 없다고 생각하지만. 학부에서 다양한 분야에 대한 역량을 충분히 키울 수 있는지, 그 영역에서 문헌정보학이 경쟁력을 가질 수 있는지, 학생들이 그 가능성을 알고 있는지는 별개인 것 같아요. 개인의 노력이 많이 필요한 부분이라고 생각해용.",다양한 학문을 접할 수 있는 기회;취업 선택의 폭 확장,학점 부담;학습량 부담;시간적 부담 (추가학기 가능성),아니요,,,,"정보학 (데이터 사이언스 개론, 정보검색론, 정보학개론 등)",정보학 관련 과목. 데이터베이스 관련,예 (현재 대학원 재학 중일 경우도 포함),자대 문헌정보학과,졸업 후 바로,전문성 강화,,사기업,IT/인터넷;기획,,,2500만원 이상 3000만원 미만,1년,"전문성 강화를 위한 강의 개설 또는 교육 지원, 선배와의 대화 등","민간 채용정보 사이트 (잡코리아, 사람인 등)",아니다,학과 홈페이지;졸업생과 재학생의 정기적 만남;직업 관련 강연,재학생/졸업생 대면 만남;학과 홈페이지,,,,,,,,,,,,,,,,,,,,,,,,,,,,,,,,,,,,,,,,,,,,,,,,,,,,,,,,,,,,,,,,,,,,,,,,
2021/02/16 2:42:53 오후 GMT+9,여성,졸업생,,,,,,,,,,,,,,,,,,,,,,,,,,,,,,,,,,,,,,,,,,2020.0,아니오,,,,,,,,,,,,,,,,,,,,,,,,,,,,,,,,,,,,,,,사기업,,IT/인터넷,,"4,000만원 이상 4,500만원 미만",2년,"각종 자격증 취득;교내활동(동아리, 학생회, 학회, 스터디 등)",경제적 어려움;심리적 부담감,적성과 흥미,급여수준,자아 실현,예,자대 문헌정보학과,졸업 후 바로,취업 준비;자기계발;전문성 강화;취업 준비 유보,,,,그렇다,다양한 학문을 접할 수 있는 기회;취업 선택의 폭 확장,학점 부담,예,복수전공:컴퓨터공학,흥미,학점...?,,본인이 흥미있는 진로 모두,,"정보학 (데이터 사이언스개론, 정보학개론, 정보검색론 등)",,아니다,오픈채팅방 (카카오톡 등);학과 홈페이지;학과 인스타그램
2021/02/16 2:47:45 오후 GMT+9,여성,졸업생,,,,,,,,,,,,,,,,,,,,,,,,,,,,,,,,,,,,,,,,,,2020.0,아니오,,,,,,,,,,,,,,,,,,,,,,,,,,,,,,,,,,,,,,,사기업,,IT/인터넷,,"3,500만원 이상 4,000만원 미만",1년,"각종 자격증 취득;실습, 인턴",심리적 부담감;고용 기회 부족,급여수준,자아 실현,사회적 인식,아니오,,,,높은 수업료,예,자대 문헌정보학과;타대 타과,매우 그렇다,다양한 학문을 접할 수 있는 기회;취업 선택의 폭 확장,학습량 부담;시간적 부담 (추가학기 가능성),아니오,,,,편입생이라서 다전공 이수시 졸업이 너무 늦어져서,"사서, 공무원, 사기업 데이터 분석/PM 직무",,"정보학 (데이터 사이언스개론, 정보학개론, 정보검색론 등)",,아니다,오픈채팅방 (카카오톡 등);재학생/졸업생 비대면 만남 (ZOOM 등);재학생/졸업생 대면 만남;학과 인스타그램
2021/02/16 3:14:26 오후 GMT+9,여성,졸업생,,,,,,,,,,,,,,,,,,,,,,,,,,,,,,,,,,,,,,,,,,2021.0,아니오,,,,,,,,,,,,,,,,,,,,,,,,,,,,,,,,,,,,,,,사서직,국립도서관,,,"2,500만원 이상 3,000만원 미만",2년,"병원 다니기, 공부",취업 정보 부족;심리적 부담감,워라밸,적성과 흥미,급여수준,아니오,,,,연구에 관심이 없음,예,진학 의향 없음,매우 그렇다,취업 선택의 폭 확장,잘 모름,예,융합전공: 문화콘텐츠,관심있어서,없음,,"사서, 데이터베이스, ai 등 it계열",,"자료조직 (자료조직연습, 멀티미디어데이터관리 등)",,아니다,오픈채팅방 (카카오톡 등);학과 홈페이지
2021/02/16 3:27:42 오후 GMT+9,여성,재학생 (대학원생 포함),2018,아니오,예,데이터 전문가;언론인,예,데이터 전문가,,입학당시의 진로와 관련된 것들을 경험해보고 맞지 않음을 느꼈다. 이후 전공 수업을 통해 데이터 분야에 대한 관심을 갖게 되었고 잘 맞다고 판단하여 희망진로로 삼게 되었다.,"진로에 대한 정보를 얻을 곳이 없다;진로에 대한 생각은 하고 있는데, 뚜렷한 방향을 잡을 수 없다",친구들과 의논한다;인터넷 검색을 한다;에브리타임에서 찾아본다;혼자 고민한다,자아실현,급여수준,사회적 인식,예,"학업성적;교내활동(동아리, 학생회, 학회, 스터디 등)",,"사서, 기록관리전문가, 데이터 전문가, 교수, 언론인 등 연결될 수 있는 분야는 다양하다고 생각함",다양한 학문을 접할 수 있는 기회;취업 선택의 폭 확장,시간적 부담 (추가학기 가능성),예,융합전공: 소프트웨어인문,"프로그래밍 관련 배움을 얻고 싶었는데, 복수전공을 하기에는 추가학기를 다녀야하는 부담이 있어서 ",없음 ,"정보학 (데이터 사이언스 개론, 정보검색론, 정보학개론 등)",,예 (현재 대학원 재학 중일 경우도 포함),자대 문헌정보학과;타대 타과,졸업 후 바로,자기계발;취업준비;전문성 강화,,사기업,IT/인터넷,,,5500만원 이상,1년 이내,문헌정보학 전공을 살릴 수 있는 각 분야의 취업 관련 정보를 얻을 수 있는 프로그램 ,"민간 채용정보 사이트 (잡코리아, 사람인 등);인터넷 포털 사이트 (네이버, 다음 등);본교 취업지원 센터 및 레인보우 시스템",매우 아니다,졸업생과 재학생의 정기적 만남;직업 관련 강연,재학생/졸업생 비대면 만남 (ZOOM 등);재학생/졸업생 대면 만남,,,,,,,,,,,,,,,,,,,,,,,,,,,,,,,,,,,,,,,,,,,,,,,,,,,,,,,,,,,,,,,,,,,,,,,,
2021/02/16 3:29:16 오후 GMT+9,여성,졸업생,,,,,,,,,,,,,,,,,,,,,,,,,,,,,,,,,,,,,,,,,,18.0,예,사기업,,유통 · 판매,,보통,3000만원 이상 3500만원 미만,급여 수준,사회적 인식,고용안정성,예,적성과 흥미,조직문화,워라밸,1년,"각종 자격증 취득;봉사(사회기여) 활동;대외활동(서포터즈, 학회, 동아리, 스터디 등)",심리적 부담감,보통이다,아니오,,,,연구에 관심이 없음,아니오,타대 타과,그렇다,다양한 학문을 접할 수 있는 기회;취업 선택의 폭 확장,학점 부담,예,경영,취업,없음,,사무직,,"자료조직 (멀티미디어데이터관리, 자료조직연습 등)",빅데이터,보통이다,재학생/졸업생 대면 만남,,,,,,,,,,,,,,,,,,,,,,,,,,,,,,,,
2021/02/16 3:32:00 오후 GMT+9,여성,졸업생,,,,,,,,,,,,,,,,,,,,,,,,,,,,,,,,,,,,,,,,,,2020.0,예,사기업,,IT · 인터넷,,보통,2000만원 이상 2500만원 미만,급여 수준,적성과 흥미,고용안정성,예,적성과 흥미,급여 수준,고용안정성,1년,"각종 자격증 취득;실습, 인턴",경제적 어려움;심리적 부담감;고용 기회 부족,보통이다,아니오,,,,연구에 관심이 없음;높은 수업료;대학원에 대한 정보 부족,예,자대 문헌정보학과;자대 타과;타대 타과,매우 그렇다,다양한 학문을 접할 수 있는 기회;취업 선택의 폭 확장,학점 부담;학습량 부담;시간적 부담 (추가학기 가능성),아니오,,,,학점부족,뭐든..,취업선배와의 대화,"정보학 (데이터 사이언스 개론, 정보학개론, 정보검색론 등)",데이터베이스,전혀 그렇지 않다,재학생/졸업생 대면 만남;학과 홈페이지,,,,,,,,,,,,,,,,,,,,,,,,,,,,,,,,
2021/02/16 3:49:05 오후 GMT+9,남성,졸업생,,,,,,,,,,,,,,,,,,,,,,,,,,,,,,,,,,,,,,,,,,2021.0,아니오,,,,,,,,,,,,,,,,,,,,,,,,,,,,,,,,,,,,,,,공기업,,경영/사무,,"3,500만원 이상 4,000만원 미만",2년,"각종 자격증 취득;NCS공부, 금융지식 공부",심리적 부담감;고용 기회 부족,급여수준,고용안정성,자아 실현,아니오,,,,"이공계와 달리 석사 학위 취득을 위해 드는 비용에 비해, 보장되는 것이 없다. 대부분의 기업은 상경 계열 지식을 함양한 사회성 좋은 젊은 신입 사원을 선호하기 때문이다. ",아니오,진학 의향 없음;타대 타과,매우 그렇다,다양한 학문을 접할 수 있는 기회;취업 선택의 폭 확장,학습량 부담;시간적 부담 (추가학기 가능성),예,설계전공(심리학 위주),사회과학에서 가장 과학적이고 실효성 있는 학문이라고 판단,없음,,사서 이외에는 스스로 개척해야하는 것 같다.,"TO가 적은 사서가 아닌, 정보학과 데이터 관련  지식을 함양해 취업할 수 있는 분야와 구체적 기업에 대한 정보. 그리고 그 기업 실무자와의 만남.","정보학 (데이터 사이언스개론, 정보학개론, 정보검색론 등)",데이터사이언스,매우 아니다,재학생/졸업생 비대면 만남 (ZOOM 등);학과 인스타그램
2021/02/16 4:12:39 오후 GMT+9,여성,졸업생,,,,,,,,,,,,,,,,,,,,,,,,,,,,,,,,,,,,,,,,,,2020.0,예,사기업,,경영 · 사무,,만족,,적성과 흥미,급여 수준,사회적 인식,아니오,,,,1년,"각종 자격증 취득;실습, 인턴",취업 정보 부족;심리적 부담감;고용 기회 부족,보통이다,아니오,,,,취업 후 결정예정,아니오,진학 의향없음,매우 그렇다,취업 선택의 폭 확장;인맥 확장,시간적 부담 (추가학기 가능성),예,문화콘텐츠 융합전공,새로운 학문을 배우고싶어서,"정보가 부족했고, 융합전공이다보니까 수업커리큘럼이 일정하지 않았다",,"사서, 일반사무직, 영업직",데이터관련 수업,"정보학 (데이터 사이언스 개론, 정보학개론, 정보검색론 등)","데이터를 실질적으로 다루는 과목 , SQL,python등 이론이아닌 실제로 언어를 배우는 과목
프로젝트로 과제의 결과물이 남는 과목",전혀 그렇지 않다,오픈채팅방(카카오톡 등),,,,,,,,,,,,,,,,,,,,,,,,,,,,,,,,
2021/02/16 4:17:09 오후 GMT+9,여성,졸업생,,,,,,,,,,,,,,,,,,,,,,,,,,,,,,,,,,,,,,,,,,2016.0,예,사기업,,IT · 인터넷,,보통,5000만원 이상 5500만원 미만,급여 수준,조직문화,자아 실현,아니오,,,,1년 이내,"실습, 인턴;대외활동(서포터즈, 학회, 동아리, 스터디 등)",취업 정보 부족,매우 그렇다,예,자대 문헌정보학과,졸업 후 바로,자기계발;전문성 강화,,,,보통이다,취업 선택의 폭 확장,학점 부담;학습량 부담,아니오,,,,다전공을 이수하여 전문성을 확보하는데 한계가 있다고 생각하였음.  복수전공자의 경우 수강여석이 매우 제한적으로 개설되어서 전공을 체계적으로 학습하기에 불리하다고 판단하여 다전공을 이수하지 않았음.,자료를 다루는 다양한 분야에서 근무할 수 있다고 생각합니다. ,"데이터 분석과 관련 세미나 , 정규과목","정보학 (데이터 사이언스 개론, 정보학개론, 정보검색론 등)",데이터를  직접 다룰 수 있는 프로젝트성 수업이 많이 진행되면 좋겠습니다. ,보통이다,오픈채팅방(카카오톡 등);재학생/졸업생 대면 만남,,,,,,,,,,,,,,,,,,,,,,,,,,,,,,,,
2021/02/16 4:21:27 오후 GMT+9,여성,재학생 (대학원생 포함),2020,아니오,예,사서,아니오,,개인의 삶의 방향에 대한 가치관이 정립되지 않았음;본인이 아직 뭘 잘하는지 잘 모름;본인이 아직 뭘 좋아하는지 잘 모름,미래가 보이지않음,"관심분야가 무엇인지 모르겠다;진로에 대한 생각은 하고 있는데, 뚜렷한 방향을 잡을 수 없다",친구들과 의논한다;혼자 고민한다,적성과 흥미,급여수준,고용안정성,예,"학업성적;봉사(사회기여) 활동;교내활동(동아리, 학생회, 학회, 스터디 등);대외활동(서포터즈, 학회, 동아리, 스터디 등)",,사서 출판업 공무원 등,다양한 학문을 접할 수 있는 기회;취업 선택의 폭 확장,학점 부담;학습량 부담;시간적 부담 (추가학기 가능성),예,복수전공 경영학부,취업,아직없음,"정보학 (데이터 사이언스 개론, 정보검색론, 정보학개론 등)",,아니오,,,,연구에 관심 없음,공기업,경영/사무,,,3000만원 이상 3500만원 미만,2년,,"인터넷 포털 사이트 (네이버, 다음 등);본교 취업지원 센터 및 레인보우 시스템",보통이다,학과 인스타그램;학과 홈페이지,재학생/졸업생 대면 만남,,,,,,,,,,,,,,,,,,,,,,,,,,,,,,,,,,,,,,,,,,,,,,,,,,,,,,,,,,,,,,,,,,,,,,,,
2021/02/16 4:34:16 오후 GMT+9,남성,재학생 (대학원생 포함),2016,아니오,예,출판업;언론인,예,출판업;언론인,,"다르지 않음, 문헌정보학과에 입학한 것도 단순히 사서라는 직업에 대한 흥미와 책과 글에 대한 애정이었습니다. 줄곧 잡지 출판업에 종사하는 것이 목표였습니다. ","진로에 대한 정보를 얻을 곳이 없다;진로에 대한 생각은 하고 있는데, 뚜렷한 방향을 잡을 수 없다",친구들과 의논한다;인터넷 검색을 한다;혼자 고민한다,적성과 흥미,자아실현,조직문화,예,"각종 자격증 취득;교내활동(동아리, 학생회, 학회, 스터디 등);대외활동(서포터즈, 학회, 동아리, 스터디 등)",,"전공 수준으로는 많이 제한적이라고 생각합니다. '문헌학'의 경우 전문사서를 양성하는 과정인데 제가 현재 도서관 단기근로자로 근무해 본 바 학부 수준의 지식도 바로 적용할 수 있는 곳이 없습니다. K-LAS, MARC 입력 등 실무적인 부분도 얕다고 생각합니다. 저희 학과는 '문헌학'이란 학문적 탐구 부분에 있어선 여타 다른 대학과 비교도 할 수 없을만큼 높은 수준이라고 생각합니다. 허나 실무적인 부분에선 의구심이 드는게 사실입니다. 

또한 데이터 분야도 '실무적인' 부분이 부족합니다. 전공 트랙을 다변화하여 사서트랙, 데이터 전문가 트랙으로 구분하고 학문적 바탕 및 이론부터 실무까지 착실히 쌓아올려 가야 한다고 생각합니다. ",다양한 학문을 접할 수 있는 기회;취업 선택의 폭 확장;인맥 확장,학점 부담;학습량 부담;시간적 부담 (추가학기 가능성),예,융합전공 : 문화콘텐츠,잡지 출판업이나 문화 관련 업종에 종사하고 싶었습니다. 그렇다고 미디어 커뮤니케이션학과를 복수전공 하기엔 학교에서 보내는 시간이 너무 길어진다고 생각했습니다. 그래서 비교적 이수학점이 적고 제가 원하는 방향성과 어느정도 일치하는 융합전공을 선택했습니다. 또 평소 글을 읽고 만드는 것을 좋아했기 때문입니다. ,문화콘텐츠의 문제일 수도 있지만 교습내용이 동일하고 반복된다 느꼈습니다. ,"정보서비스 (정보서비스론, 정보시스템구축론 등)",모르겠음..,아니오,,,,연구에 관심 없음,사기업,경영/사무,,,3000만원 이상 3500만원 미만,1년,사서직 외에 다양한 경험을 할 수 있는 것들. 많은 학생들이 전공을 살리는 방법이 적다고 생각합니다. ,"민간 채용정보 사이트 (잡코리아, 사람인 등);정부 채용정보 사이트 (위크넷, 월드잡 등);인터넷 포털 사이트 (네이버, 다음 등)",보통이다,학과 인스타그램;메일 (개인 이메일을 통한 취업 정보 공유);학과 단톡;직업 관련 강연,재학생/졸업생 대면 만남;학과 인스타그램,,,,,,,,,,,,,,,,,,,,,,,,,,,,,,,,,,,,,,,,,,,,,,,,,,,,,,,,,,,,,,,,,,,,,,,,
2021/02/16 4:43:53 오후 GMT+9,여성,재학생 (대학원생 포함),2018,아니오,예,데이터 전문가;개발자 (프로그래머),예,데이터 전문가;개발자 (프로그래머),,다르지 않음,"관심분야가 무엇인지 모르겠다;진로에 대한 생각은 하고 있는데, 뚜렷한 방향을 잡을 수 없다",친구들과 의논한다;교수님께 상담 신청을 한다;인터넷 검색을 한다;혼자 고민한다,적성과 흥미,자아실현,급여수준,아니오,,"정해둔 진로는 있는데, 뭘 해야할지 잘 몰라서",사서,다양한 학문을 접할 수 있는 기회,수강신청이 힘들다,예,응용통계학과,적성과 흥미,없음,"정보학 (데이터 사이언스 개론, 정보검색론, 정보학개론 등)",데이터 관리,예 (현재 대학원 재학 중일 경우도 포함),자대 문헌정보학과;타대 타과,졸업 후 바로,전문성 강화,,공기업,IT/인터넷,,,3000만원 이상 3500만원 미만,1년 이내,,"민간 채용정보 사이트 (잡코리아, 사람인 등);정부 채용정보 사이트 (위크넷, 월드잡 등);인터넷 포털 사이트 (네이버, 다음 등)",보통이다,학과 인스타그램;졸업생과 재학생의 정기적 만남;직업 관련 강연,재학생/졸업생 비대면 만남 (ZOOM 등);학과 인스타그램,,,,,,,,,,,,,,,,,,,,,,,,,,,,,,,,,,,,,,,,,,,,,,,,,,,,,,,,,,,,,,,,,,,,,,,,
2021/02/16 5:27:56 오후 GMT+9,선택 안함,재학생 (대학원생 포함),2017,아니오,예,사서;출판업;기록물 관리자,예,사서;기록물 관리자;공기업,,경제적 안정성을 위해서 명확한 채용일정과 월급이 보장되는 공직을 선호하게 된 것 같습니다,"진로에 대한 생각은 하고 있는데, 뚜렷한 방향을 잡을 수 없다",친구들과 의논한다;인터넷 검색을 한다;혼자 고민한다,적성과 흥미,워라밸,사회적 인식,예,"각종 자격증 취득;어학 준비;실습, 인턴;교내활동(동아리, 학생회, 학회, 스터디 등)",,사실 타전공과 마찬가지로 전공에 크게 구애받지 않고 다양한 직업을 가질 수 있지 않다고 생각합니다. 그래도 타전공에 비해 정보학과라는 타이틀을 가지고 있어서 사무직 취업에 유리하지 않나 싶습니다.,다양한 학문을 접할 수 있는 기회;취업 선택의 폭 확장,학점 부담;학습량 부담;시간적 부담 (추가학기 가능성),예,중어중문학과,기존에 중국어 어학능력이 있어서 학점 이수에 유리할 것이라 생각하였습니다,전공필수가 주전공과 겹쳐서 시간표를 설계하기가 다소 어려운 편입니다,"서지학 (고문헌목록연습, 동양문헌의 이해, 서지학개론 등)",,예 (현재 대학원 재학 중일 경우도 포함),자대 문헌정보학과;타대 문헌정보학과,졸업 후 바로,취업준비;전문성 강화,,사서직,,"국가도서관 (국회, 국립중앙, 법원 도서관);대학도서관",,2500만원 이상 3000만원 미만,1년,,"민간 채용정보 사이트 (잡코리아, 사람인 등);정부 채용정보 사이트 (위크넷, 월드잡 등)",보통이다,학과 인스타그램;학과 단톡,학과 홈페이지;학과 인스타그램;에브리타임,,,,,,,,,,,,,,,,,,,,,,,,,,,,,,,,,,,,,,,,,,,,,,,,,,,,,,,,,,,,,,,,,,,,,,,,
2021/02/16 5:42:03 오후 GMT+9,여성,재학생 (대학원생 포함),2019,아니오,아니오,,예,사서;공무원,,"본인은 복전생입니다. 입학 당시 성적에 맞춰서 과에 진학하였고, 이후 사서라는 직업에 매력을 느끼고 문헌정보학과 복전을 하게 된 케이스입니다. 자연스레 진로 설정 역시 사서 쪽으로 잡게 되었습니다. 그러나 진로의 불확실성이 존재한다고 생각하여 공무원을 준비하는 것 역시 생각하고 있습니다.",고민이 없다,인터넷 검색을 한다;혼자 고민한다,고용안정성,급여수준,적성과 흥미,예,학업성적;각종 자격증 취득;어학 준비,,"대표적으로는 공공기관이나 대학 등 여러 종류의 사서가 있겠고, 더 나아가 관련 학문의 연구자나 교수로 재직할 수도 있을 것입니다. 뿐만 아니라 사서와 관련된 공무원을 비롯해 다양한 공무원이 될 수도 있을 것이며, 특히 본인과 같이 관련 학문을 함께 공부하고 있는 상황이라면 기록물 관리, 고문헌 관리와 관련된 직업을 가질 수도 있으리라 생각됩니다.",다양한 학문을 접할 수 있는 기회;취업 선택의 폭 확장,학점 부담;학습량 부담;시간적 부담 (추가학기 가능성),예,본 전공 : 역사학과 / 복수전공: 문헌정보학과,"사서라는 직업에 뒤늦은 흥미를 가졌기 때문이며, 역사학을 공부함에 있어서 기록의 관리 역시 중요한 요소이기 때문에 심화적인 학문 공부에 도움이 될 수 있다 생각하였습니다.",없음,"서지학 (고문헌목록연습, 동양문헌의 이해, 서지학개론 등)",,아니오,,,,연구에 관심 없음,정부(공무원),,,일반행정,3500만원 이상 4000만원 미만,2년,,"정부 채용정보 사이트 (위크넷, 월드잡 등);인터넷 포털 사이트 (네이버, 다음 등)",그렇다,학과 인스타그램;학과 홈페이지,학과 홈페이지;학과 인스타그램,,,,,,,,,,,,,,,,,,,,,,,,,,,,,,,,,,,,,,,,,,,,,,,,,,,,,,,,,,,,,,,,,,,,,,,,
2021/02/16 6:09:20 오후 GMT+9,여성,재학생 (대학원생 포함),2020,아니오,예,사서;사서 교사,예,사서;사서 교사,,다르지 않음,"진로에 대한 생각은 하고 있는데, 뚜렷한 방향을 잡을 수 없다",친구들과 의논한다;선배들과 의논한다;혼자 고민한다,자아실현,적성과 흥미,워라밸,예,"학업성적;각종 자격증 취득;봉사(사회기여) 활동;어학 준비;교내활동(동아리, 학생회, 학회, 스터디 등)",,"사서, 사서교사, 기록물전문가, 데이터관리 관련 직종 외 다양한 진로",다양한 학문을 접할 수 있는 기회;취업 선택의 폭 확장,학점 부담;시간적 부담 (추가학기 가능성),아니요,,,,"정보학 (데이터 사이언스 개론, 정보검색론, 정보학개론 등)",,아니오,,,,높은 수업료,사서직,,"국가도서관 (국회, 국립중앙, 법원 도서관);대학도서관",,2500만원 이상 3000만원 미만,1년,,"민간 채용정보 사이트 (잡코리아, 사람인 등);정부 채용정보 사이트 (위크넷, 월드잡 등);본교 취업지원 센터 및 레인보우 시스템",보통이다,학과 홈페이지;메일 (개인 이메일을 통한 취업 정보 공유);졸업생과 재학생의 정기적 만남;직업 관련 강연,재학생/졸업생 비대면 만남 (ZOOM 등);재학생/졸업생 대면 만남;학과 홈페이지,,,,,,,,,,,,,,,,,,,,,,,,,,,,,,,,,,,,,,,,,,,,,,,,,,,,,,,,,,,,,,,,,,,,,,,,
2021/02/16 6:43:30 오후 GMT+9,여성,재학생 (대학원생 포함),2020,아니오,아니오,,예,사서;기록물 관리자;공무원,,"1년간 학과 수업, 도서관 알바를 경험하며 사서라는 직업에 관심과 흥미가 생김","진로에 대한 생각은 하고 있는데, 뚜렷한 방향을 잡을 수 없다",인터넷 검색을 한다,고용안정성,급여수준,사회적 인식,예,"교내활동(동아리, 학생회, 학회, 스터디 등);대외활동(서포터즈, 학회, 동아리, 스터디 등)",,"사서, 사서교사, 데이터 정보수집 관련 직종 종사자",다양한 학문을 접할 수 있는 기회;취업 선택의 폭 확장,학습량 부담;전문성 약화,아니요,,,,"서지학 (고문헌목록연습, 동양문헌의 이해, 서지학개론 등)",,예 (현재 대학원 재학 중일 경우도 포함),자대 문헌정보학과,졸업 후 바로,취업준비;전문성 강화,,사서직,,"국가도서관 (국회, 국립중앙, 법원 도서관)",,3000만원 이상 3500만원 미만,3년,,"인터넷 포털 사이트 (네이버, 다음 등)",보통이다,학과 인스타그램;학과 단톡;졸업생과 재학생의 정기적 만남;직업 관련 강연,재학생/졸업생 비대면 만남 (ZOOM 등);재학생/졸업생 대면 만남,,,,,,,,,,,,,,,,,,,,,,,,,,,,,,,,,,,,,,,,,,,,,,,,,,,,,,,,,,,,,,,,,,,,,,,,
2021/02/16 7:07:09 오후 GMT+9,여성,재학생 (대학원생 포함),2016,아니오,예,일반 사기업,예,일반 사기업;공기업,,전문직 자격증 취득 ,진로에 대한 정보를 얻을 곳이 없다,친구들과 의논한다;선배들과 의논한다;인터넷 검색을 한다;관련업계 지인과 의논,적성과 흥미,사회적 인식,급여수준,예,"학업성적;각종 자격증 취득;어학 준비;실습, 인턴",,"어느 기업에 지원하던지 데이터 분야에 전문성을 기르면 어필 할 수 있다고 보고, 상경계열 복수전공으로 시너지를 낸다면 더욱 좋다고 생각합니다. ",다양한 학문을 접할 수 있는 기회;취업 선택의 폭 확장,학점 부담;전문성 약화,예,유통관리 연계전공/ 경영학 부전공,졸업 이수 학점을 채우기 위해 학점 잘 받을 수 있는 복수전공 선택,연전은 취업 때 전문성 어필이 힘들어서 살짝 발목 잡히는 느낌입니다. 수강신청 힘들어요.,"자료조직 (멀티미디어데이터관리, 메타데이터구조론, 문헌분류론, 자료조직연습 등)","사서직 공무원 준비하는 동기들이 많은데 고시반 설치(학습공간, 강의 및 교재 지원),특강 외부 강사 초빙 등 혜택을 늘려주시면 좋겠습니다. 정보학 쪽을 컴공,응통,경영에 밀리지 않는 수준으로 가르쳐 주시면 좋겠는데 교과목 명이 참 중요한 것 같습니다. 물론 자료조직,서지학이야말로 우리과 수업의 핵심인만큼, 이 분야에 관심이 더 큰 저로서는 더 들을 수 있는 심화과정이 없다는게 아쉬웠습니다.",아니오,,,,3년 후 문헌정보학 외의 전공 진학 희망 중,공기업,경영/사무,,,5000만원 이상 5500만원 미만,1년,"사서직-고시반,특강 / 데이터분석,프로그래밍 관련 학회와특강(관련 자격증 취득 독려) / 취업 선공한 선배와의 간담회","민간 채용정보 사이트 (잡코리아, 사람인 등);인터넷 포털 사이트 (네이버, 다음 등);본교 취업지원 센터 및 레인보우 시스템",매우 아니다,졸업생과 재학생의 정기적 만남;직업 관련 강연;인스타나 홈페이지는 외부인에게 공개적이어서 꺼려집니다. 홈페이지에 올라올 경우 별도의 인증 절차가 있다면 좋겠습니다. 취업률과 취업 현황이 학과 이미지에 미치는 영향이 있으니까요,재학생/졸업생 비대면 만남 (ZOOM 등);재학생/졸업생 대면 만남;학과 인스타그램,,,,,,,,,,,,,,,,,,,,,,,,,,,,,,,,,,,,,,,,,,,,,,,,,,,,,,,,,,,,,,,,,,,,,,,,
2021/02/16 8:03:33 오후 GMT+9,여성,재학생 (대학원생 포함),2018,아니오,아니오,,아니오,,개인의 삶의 방향에 대한 가치관이 정립되지 않았음;문헌정보학 전공자가 진출 가능한 분야에 대한 정보 부족;본인이 아직 뭘 잘하는지 잘 모름;본인이 아직 뭘 좋아하는지 잘 모름,희망진로 없음,"관심분야가 무엇인지 모르겠다;진로에 대한 정보를 얻을 곳이 없다;진로에 대한 생각은 하고 있는데, 뚜렷한 방향을 잡을 수 없다",인터넷 검색을 한다;혼자 고민한다,적성과 흥미,급여수준,워라밸,아니오,,정해 둔 진로가 없어서,"사서, 공무원, 출판사, 기록연구원, 사서교사, 방송사 자료실, 서점, db구축업체, 정보검색사, 독서지도사, 포털 사이트 취업",전공 수업을 덜 들어도 된다.,학습량 부담,예,문화콘텐츠 융합전공,전공 심화의 경우 전공선택 수업을 많이 듣는게 부담스럽다. (학점 따기가 어려움.) 복수전공을 하긴 힘들 것 같아서 융합전공을 선택했다.,없음,"자료조직 (멀티미디어데이터관리, 메타데이터구조론, 문헌분류론, 자료조직연습 등)",잘 모르겠음,예 (현재 대학원 재학 중일 경우도 포함),자대 문헌정보학과;자대 타과;타대 문헌정보학과;타대 타과,졸업 후 바로,자기계발;전문성 강화,,사기업,유통/판매;IT/인터넷;서비스,,,3000만원 이상 3500만원 미만,2년,모름,"민간 채용정보 사이트 (잡코리아, 사람인 등);정부 채용정보 사이트 (위크넷, 월드잡 등);인터넷 포털 사이트 (네이버, 다음 등)",아니다,메일 (개인 이메일을 통한 취업 정보 공유);카카오톡 오픈채팅방,오픈채팅방(카카오톡 등),,,,,,,,,,,,,,,,,,,,,,,,,,,,,,,,,,,,,,,,,,,,,,,,,,,,,,,,,,,,,,,,,,,,,,,,
2021/02/16 8:26:26 오후 GMT+9,여성,재학생 (대학원생 포함),2020,아니오,예,출판업,아니오,,개인의 삶의 방향에 대한 가치관이 정립되지 않았음;문헌정보학 전공자가 진출 가능한 분야에 대한 정보 부족;본인이 아직 뭘 잘하는지 잘 모름,입학 당시에는 작가나 글쓰기 쪽 등 출판업 분야에 관심이 있었는데 대학에 와서 공부를 하며 현실적으로 전념하기에는 어려운 분야라는 생각이 들고 고민에 빠졌다.,"관심분야가 무엇인지 모르겠다;진로에 대한 정보를 얻을 곳이 없다;진로에 대한 생각은 하고 있는데, 뚜렷한 방향을 잡을 수 없다",친구들과 의논한다;선배들과 의논한다;인터넷 검색을 한다;에브리타임에서 찾아본다;혼자 고민한다,고용안정성,적성과 흥미,급여수준,예,"학업성적;각종 자격증 취득;봉사(사회기여) 활동;교내활동(동아리, 학생회, 학회, 스터디 등);대외활동(서포터즈, 학회, 동아리, 스터디 등)",,"사서, 데이터 전문가 등",취업 선택의 폭 확장;인맥 확장,학점 부담;학습량 부담;시간적 부담 (추가학기 가능성),예,경제학과,"경영, 경제가 취직이 잘된다고 해서 큰 고민 없이 넣었는데 경영은 학점 컷에서 떨어지고 경제가 붙었다. (사실 경영 하고 싶었는데 떨어지고, 학점이 이번만큼 좋기가 어려울 것 같아서 두개 넣었다)","아직 합격만 했는데, 경제가 학문적인 내용을 너무 많이 다뤄서 어려울까봐 걱정이다. 아직 시작도 안했는데 괜히 불안감이 크고, 통계를 복전해서 주전공도 살리고 복전도 살리면 좋지 않았을까 하는 생각도 든다. 간단히 말하면, 나랑 안맞을까봐 걱정이다. ","정보학 (데이터 사이언스 개론, 정보검색론, 정보학개론 등)",변화하는 현대에 대비할 수 있는 정보전문가가 되기 위한 데이터쪽 수업이 더 많아졌으면 좋겠습니다. (빅데이터를 지금보다 더욱 깊고 전문적으로 다루는 수업들),아니오,,,,연구에 관심 없음,사기업,경영/사무,,,4000만원 이상 4500만원 미만,2년,"전공을 살려 다양한 분야에 취직하신 선배님들과의 멘토링을 주기적으로 열어주시고, 활동이 일회적으로 그치는 것이 아니라 학생들과 계속된 소통과 조언을 통해 진정한 멘토멘티 방식을 진행하면 좋을 것 같다.","정부 채용정보 사이트 (위크넷, 월드잡 등);인터넷 포털 사이트 (네이버, 다음 등)",매우 아니다,학과 인스타그램;학과 홈페이지;메일 (개인 이메일을 통한 취업 정보 공유);학과 단톡;졸업생과 재학생의 정기적 만남;직업 관련 강연,오픈채팅방(카카오톡 등);재학생/졸업생 비대면 만남 (ZOOM 등);재학생/졸업생 대면 만남,,,,,,,,,,,,,,,,,,,,,,,,,,,,,,,,,,,,,,,,,,,,,,,,,,,,,,,,,,,,,,,,,,,,,,,,
2021/02/16 8:26:32 오후 GMT+9,여성,재학생 (대학원생 포함),2020,아니오,예,출판업,아니오,,개인의 삶의 방향에 대한 가치관이 정립되지 않았음;문헌정보학 전공자가 진출 가능한 분야에 대한 정보 부족;본인이 아직 뭘 잘하는지 잘 모름,입학 당시에는 작가나 글쓰기 쪽 등 출판업 분야에 관심이 있었는데 대학에 와서 공부를 하며 현실적으로 전념하기에는 어려운 분야라는 생각이 들고 고민에 빠졌다.,"관심분야가 무엇인지 모르겠다;진로에 대한 정보를 얻을 곳이 없다;진로에 대한 생각은 하고 있는데, 뚜렷한 방향을 잡을 수 없다",친구들과 의논한다;선배들과 의논한다;인터넷 검색을 한다;에브리타임에서 찾아본다;혼자 고민한다,고용안정성,적성과 흥미,급여수준,예,"학업성적;각종 자격증 취득;봉사(사회기여) 활동;교내활동(동아리, 학생회, 학회, 스터디 등);대외활동(서포터즈, 학회, 동아리, 스터디 등)",,"사서, 데이터 전문가 등",취업 선택의 폭 확장;인맥 확장,학점 부담;학습량 부담;시간적 부담 (추가학기 가능성),예,경제학과,"경영, 경제가 취직이 잘된다고 해서 큰 고민 없이 넣었는데 경영은 학점 컷에서 떨어지고 경제가 붙었다. (사실 경영 하고 싶었는데 떨어지고, 학점이 이번만큼 좋기가 어려울 것 같아서 두개 넣었다)","아직 합격만 했는데, 경제가 학문적인 내용을 너무 많이 다뤄서 어려울까봐 걱정이다. 아직 시작도 안했는데 괜히 불안감이 크고, 통계를 복전해서 주전공도 살리고 복전도 살리면 좋지 않았을까 하는 생각도 든다. 간단히 말하면, 나랑 안맞을까봐 걱정이다. ","정보학 (데이터 사이언스 개론, 정보검색론, 정보학개론 등)",변화하는 현대에 대비할 수 있는 정보전문가가 되기 위한 데이터쪽 수업이 더 많아졌으면 좋겠습니다. (빅데이터를 지금보다 더욱 깊고 전문적으로 다루는 수업들),아니오,,,,연구에 관심 없음,사기업,경영/사무,,,4000만원 이상 4500만원 미만,2년,"전공을 살려 다양한 분야에 취직하신 선배님들과의 멘토링을 주기적으로 열어주시고, 활동이 일회적으로 그치는 것이 아니라 학생들과 계속된 소통과 조언을 통해 진정한 멘토멘티 방식을 진행하면 좋을 것 같다.","정부 채용정보 사이트 (위크넷, 월드잡 등);인터넷 포털 사이트 (네이버, 다음 등)",매우 아니다,학과 인스타그램;학과 홈페이지;메일 (개인 이메일을 통한 취업 정보 공유);학과 단톡;졸업생과 재학생의 정기적 만남;직업 관련 강연,오픈채팅방(카카오톡 등);재학생/졸업생 비대면 만남 (ZOOM 등);재학생/졸업생 대면 만남,,,,,,,,,,,,,,,,,,,,,,,,,,,,,,,,,,,,,,,,,,,,,,,,,,,,,,,,,,,,,,,,,,,,,,,,
2021/02/16 8:28:07 오후 GMT+9,여성,재학생 (대학원생 포함),2020,아니오,아니오,,예,대학교 (교수 및 직원);데이터 전문가;개발자 (프로그래머);일반 사기업;공무원,,"입학당시 해당학과에 대한 지식도 없었고 뚜렷한 희망진로가 없었으나, 강의를 듣고 다양한 경험을 하면서 진로를 설정하게 됨. ","진로에 대한 생각은 하고 있는데, 뚜렷한 방향을 잡을 수 없다",인터넷 검색을 한다;혼자 고민한다,적성과 흥미,자아실현,급여수준,예,"학업성적;교내활동(동아리, 학생회, 학회, 스터디 등)",,"모든 분야. 사서직, 일반 공무원, 사기업 (모든 직무), IT관련 종사자 등",다양한 학문을 접할 수 있는 기회;취업 선택의 폭 확장,학점 부담;학습량 부담,아니요,,,,"정보학 (데이터 사이언스 개론, 정보검색론, 정보학개론 등)",데이터 분석법과 관련된 교육,예 (현재 대학원 재학 중일 경우도 포함),자대 문헌정보학과;자대 타과;타대 타과,졸업 후 바로,전문성 강화,,공기업,IT/인터넷,,,3000만원 이상 3500만원 미만,1년 이내,,"인터넷 포털 사이트 (네이버, 다음 등);본교 취업지원 센터 및 레인보우 시스템",아니다,학과 홈페이지;메일 (개인 이메일을 통한 취업 정보 공유),재학생/졸업생 비대면 만남 (ZOOM 등);재학생/졸업생 대면 만남;학과 홈페이지,,,,,,,,,,,,,,,,,,,,,,,,,,,,,,,,,,,,,,,,,,,,,,,,,,,,,,,,,,,,,,,,,,,,,,,,
2021/02/16 8:29:59 오후 GMT+9,여성,재학생 (대학원생 포함),2019,아니오,예,사서 교사;데이터 전문가,예,사서 교사;데이터 전문가,,다르지 않음 고민을 많이 해보고 입학을 결정하여서,"진로에 대한 생각은 하고 있는데, 뚜렷한 방향을 잡을 수 없다",에브리타임에서 찾아본다;혼자 고민한다,고용안정성,급여수준,적성과 흥미,예,"학업성적;봉사(사회기여) 활동;교내활동(동아리, 학생회, 학회, 스터디 등)",,"데이터 관련 , 도서 관련 , 기록물 관리 등 폭이 생각보다 넓음",취업 선택의 폭 확장,학습량 부담;시간적 부담 (추가학기 가능성),예,주전공 : 예술공학대학,진로에 대한 불안정함과 전문성 결여,정보에 뒤쳐짐,"정보학 (데이터 사이언스 개론, 정보검색론, 정보학개론 등)",,예 (현재 대학원 재학 중일 경우도 포함),자대 타과,졸업 후 취직 이후,전문성 강화,,사서직,,기타 도서관,,4000만원 이상 4500만원 미만,1년 이내,"학과 졸업생의 이야기, 최근 취직자로","민간 채용정보 사이트 (잡코리아, 사람인 등);정부 채용정보 사이트 (위크넷, 월드잡 등);인터넷 포털 사이트 (네이버, 다음 등);본교 취업지원 센터 및 레인보우 시스템",아니다,메일 (개인 이메일을 통한 취업 정보 공유);졸업생과 재학생의 정기적 만남;직업 관련 강연,재학생/졸업생 비대면 만남 (ZOOM 등);재학생/졸업생 대면 만남;학과 홈페이지,,,,,,,,,,,,,,,,,,,,,,,,,,,,,,,,,,,,,,,,,,,,,,,,,,,,,,,,,,,,,,,,,,,,,,,,
2021/02/16 8:38:49 오후 GMT+9,여성,재학생 (대학원생 포함),2020,아니오,아니오,,예,대학교 (교수 및 직원);공기업;공무원,,다르지 않음,"진로에 대한 정보를 얻을 곳이 없다;진로에 대한 생각은 하고 있는데, 뚜렷한 방향을 잡을 수 없다",친구들과 의논한다;인터넷 검색을 한다;에브리타임에서 찾아본다;혼자 고민한다,고용안정성,워라밸,적성과 흥미,예,"교내활동(동아리, 학생회, 학회, 스터디 등)",,"입학하기 전에는 단순히 사서를 위한 학과인 것 같았는데, 일년 정도 공부하다 보니까 관심 있는 분야와 같이 시너지를 내면 갈 수 있는 분야가 다양할 것 같다고 생각했습니다! ",다양한 학문을 접할 수 있는 기회;취업 선택의 폭 확장,학점 부담;학습량 부담;시간적 부담 (추가학기 가능성),아니요,,,,"정보학 (데이터 사이언스 개론, 정보검색론, 정보학개론 등)",정보학 분야를 더 많이 배우면 좋을 것 같습니다!,예 (현재 대학원 재학 중일 경우도 포함),자대 타과;타대 타과,졸업 후 취직 이후,취업준비;전문성 강화,,정부(공무원),,,교육 분야 공공기관,4500만원 이상 5000만원 미만,2년,"다양한 분야의 선배들과의 멘토링, 기관과의 연계","인터넷 포털 사이트 (네이버, 다음 등);에타",아니다,학과 인스타그램;학과 홈페이지;메일 (개인 이메일을 통한 취업 정보 공유);졸업생과 재학생의 정기적 만남;직업 관련 강연,재학생/졸업생 비대면 만남 (ZOOM 등);재학생/졸업생 대면 만남;학과 홈페이지;학과 인스타그램,,,,,,,,,,,,,,,,,,,,,,,,,,,,,,,,,,,,,,,,,,,,,,,,,,,,,,,,,,,,,,,,,,,,,,,,
2021/02/16 10:28:22 오후 GMT+9,여성,재학생 (대학원생 포함),2018,아니오,예,출판업;기록물 관리자;데이터 전문가;일반 사기업,예,사서;사서 교사;출판업;기록물 관리자;데이터 전문가;일반 사기업,,다르지 않음,"진로에 대한 생각은 하고 있는데, 뚜렷한 방향을 잡을 수 없다",친구들과 의논한다;선배들과 의논한다;인터넷 검색을 한다;에브리타임에서 찾아본다,적성과 흥미,사회적 인식,워라밸,예,"학업성적;각종 자격증 취득;봉사(사회기여) 활동;어학 준비;실습, 인턴;교내활동(동아리, 학생회, 학회, 스터디 등);대외활동(서포터즈, 학회, 동아리, 스터디 등)",,데이터 관련으로 무궁무진하게 많은 일,다양한 학문을 접할 수 있는 기회;취업 선택의 폭 확장;인맥 확장,학점 부담,예,주전공: 프랑스어문학과,흥미,과 내의 정보를 얻기 어려운 점과 복수전공생은 문헌정보학과생과 어울릴 수 있는 기회가 적은 것,"정보학 (데이터 사이언스 개론, 정보검색론, 정보학개론 등)",,아니오,,,,연구에 관심 없음,사기업,IT/인터넷,,,2000만원 이상 2500만원 이하,1년 이내,복수전공생도 참여 가능한 학과 선배 멘토와의 연결 자리,"민간 채용정보 사이트 (잡코리아, 사람인 등);본교 취업지원 센터 및 레인보우 시스템",아니다,학과 인스타그램;학과 홈페이지;졸업생과 재학생의 정기적 만남,재학생/졸업생 대면 만남;학과 홈페이지;학과 인스타그램,,,,,,,,,,,,,,,,,,,,,,,,,,,,,,,,,,,,,,,,,,,,,,,,,,,,,,,,,,,,,,,,,,,,,,,,
2021/02/16 11:13:50 오후 GMT+9,여성,재학생 (대학원생 포함),2018,아니오,예,사서;사서 교사;데이터 전문가;개발자 (프로그래머);공무원,예,사서;데이터 전문가,,"다르지 않음, 사서가 꽤나 적성에 맞는 일이라는 걸 깨달았기 때문에","진로에 대한 정보를 얻을 곳이 없다;진로에 대한 생각은 하고 있는데, 뚜렷한 방향을 잡을 수 없다",인터넷 검색을 한다;에브리타임에서 찾아본다;혼자 고민한다,고용안정성,사회적 인식,적성과 흥미,예,"학업성적;실습, 인턴;대외활동(서포터즈, 학회, 동아리, 스터디 등)",,"데이터 전문가, 기록물 관리자, 사서, 사서 교사, 교수",다양한 학문을 접할 수 있는 기회;취업 선택의 폭 확장,학점 부담;학습량 부담;시간적 부담 (추가학기 가능성),예,복수전공 : 응용통계학과,문헌정보학과가 통계학과를 복전하면 메리트가 있다고 해서 + 취직이 잘된다고 해서 ,"적성과 너무 맞지 않아 힘듬, 배우는 내용이 어려워 진도를 따라가기 힘듬","도서관경영 (도서관 경영론, 도서관 마케팅론 등)",,아니오,,,,연구에 관심 없음;높은 수업료,사서직,,"국가도서관 (국회, 국립중앙, 법원 도서관)",,3000만원 이상 3500만원 미만,2년,,"인터넷 포털 사이트 (네이버, 다음 등)",보통이다,직업 관련 강연,오픈채팅방(카카오톡 등);재학생/졸업생 비대면 만남 (ZOOM 등),,,,,,,,,,,,,,,,,,,,,,,,,,,,,,,,,,,,,,,,,,,,,,,,,,,,,,,,,,,,,,,,,,,,,,,,
2021/02/17 1:41:15 오전 GMT+9,여성,재학생 (대학원생 포함),2018,아니오,아니오,,예,사서;기록물 관리자;일반 사기업,,다르지 않음. 보다 구체화되었음,"진로에 대한 생각은 하고 있는데, 뚜렷한 방향을 잡을 수 없다",친구들과 의논한다;인터넷 검색을 한다,고용안정성,급여수준,적성과 흥미,예,각종 자격증 취득;어학 준비,,사서 외에도 정보를 다루는 모든 직종에 도전할 수 있다고 생각한다,다양한 학문을 접할 수 있는 기회;취업 선택의 폭 확장,학점 부담;학습량 부담,예,사이버보안 융합전공,추후 취업에 도움이 될 것을 기대,방대한 양,기록관리학 (기록관리학개론 등),없음,예 (현재 대학원 재학 중일 경우도 포함),자대 문헌정보학과;타대 문헌정보학과,졸업 후 바로,전문성 강화,,사서직,,"국가도서관 (국회, 국립중앙, 법원 도서관);공공도서관 (지자체, 교육청 소속 도서관 등)",,3000만원 이상 3500만원 미만,2년,,"정부 채용정보 사이트 (위크넷, 월드잡 등);인터넷 포털 사이트 (네이버, 다음 등)",아니다,학과 홈페이지;메일 (개인 이메일을 통한 취업 정보 공유);학과 단톡;졸업생과 재학생의 정기적 만남;직업 관련 강연,재학생/졸업생 비대면 만남 (ZOOM 등);재학생/졸업생 대면 만남;학과 인스타그램,,,,,,,,,,,,,,,,,,,,,,,,,,,,,,,,,,,,,,,,,,,,,,,,,,,,,,,,,,,,,,,,,,,,,,,,
2021/02/17 7:35:23 오전 GMT+9,여성,재학생 (대학원생 포함),2020,아니오,예,사서;사서 교사;공무원,예,사서;사서 교사;기록물 관리자;대학교 (교수 및 직원);공무원,,현재 희망진로가 넓어졌다. 그 이유는 재학 중 문헌정보학에 대해 좀 더 이해하면서 활용 범위가 생각보다 넓다는 것을 알게 되었기 때문이다.,"관심분야가 무엇인지 모르겠다;진로에 대한 정보를 얻을 곳이 없다;진로에 대한 생각은 하고 있는데, 뚜렷한 방향을 잡을 수 없다",인터넷 검색을 한다;에브리타임에서 찾아본다;혼자 고민한다;아무것도 하지 않는다,고용안정성,급여수준,조직문화,예,어학 준비,,"사서, 기록물 등 관리자, 데이터베이스 관리자, 등",다양한 학문을 접할 수 있는 기회;취업 선택의 폭 확장,학점 부담;학습량 부담;시간적 부담 (추가학기 가능성),아니요,,,,"정보학 (데이터 사이언스 개론, 정보검색론, 정보학개론 등)",,아니오,,,,높은 수업료,사서직,,"국가도서관 (국회, 국립중앙, 법원 도서관);공공도서관 (지자체, 교육청 소속 도서관 등);작은도서관",,2500만원 이상 3000만원 미만,1년 이내,,"정부 채용정보 사이트 (위크넷, 월드잡 등);인터넷 포털 사이트 (네이버, 다음 등)",보통이다,학과 홈페이지;학과 단톡;졸업생과 재학생의 정기적 만남;직업 관련 강연,오픈채팅방(카카오톡 등);에브리타임,,,,,,,,,,,,,,,,,,,,,,,,,,,,,,,,,,,,,,,,,,,,,,,,,,,,,,,,,,,,,,,,,,,,,,,,
2021/02/17 8:10:15 오전 GMT+9,남성,졸업생,,,,,,,,,,,,,,,,,,,,,,,,,,,,,,,,,,,,,,,,,,2020.0,예,사서직,대학도서관,,,매우 만족,3500만원 이상 4000만원 미만,고용안정성,조직문화,급여 수준,아니오,,,,졸업 전 취업,"어학 준비;실습, 인턴",취업 정보 부족;심리적 부담감,매우 그렇다,아니오,,,,대학원에 대한 정보 부족,예,자대 문헌정보학과;타대 문헌정보학과,매우 그렇다,취업 선택의 폭 확장;인맥 확장,학습량 부담;시간적 부담 (추가학기 가능성),예,복수전공 : 공공인재,사서 자리가 적어 유사시 공기업 취업에 도움이 되기 위해,다전공 이수시 학업 부담이 매우 큽니다. 본인의 경우 4학년까지 6전공씩 수업을 들어서 어학 및 자격증 공부에 큰 부담이 되었습니다.,,사서직렬 및 각 사기업 자료실 근무,선배와의 만남(대면적 만남이 아니더라도 취업정보 공유),"도서관경영 (도서관 경영론, 도서관 마케팅론 등)","분류나 목록 등 당연히 배워야 될것이라고 생각합니다만, 실무에서는 담당자 외에는 사실 몰라도 큰 문제가 없었습니다.  하지만 외부 트렌드(4차산업혁명, 대학의 경우 학령인구감소 및 재정절벽)나 도서관 이슈(메이커 스페이스, 휴식공간으로서의 도서관, 대학의 경우 지역주민개방)에 대해 심도 깊게 가르칠 필요가 있다고 생각합니다. 실제 면접에서도 이러한 이슈나 외부 트렌드에 대해 묻지, 분류 및 목록을 묻진않습니다.",전혀 그렇지 않다,오픈채팅방(카카오톡 등);재학생/졸업생 비대면 만남 (ZOOM 등);재학생/졸업생 대면 만남,,,,,,,,,,,,,,,,,,,,,,,,,,,,,,,,
2021/02/17 11:20:35 오전 GMT+9,여성,재학생 (대학원생 포함),2017,아니오,예,사서;대학교 (교수 및 직원);언론인,예,사서;대학교 (교수 및 직원);언론인,,다르지 않음,"진로에 대한 정보를 얻을 곳이 없다;진로에 대한 생각은 하고 있는데, 뚜렷한 방향을 잡을 수 없다",친구들과 의논한다;선배들과 의논한다;인터넷 검색을 한다;혼자 고민한다,자아실현,급여수준,사회적 인식,예,"학업성적;각종 자격증 취득;대외활동(서포터즈, 학회, 동아리, 스터디 등)",,"도서관 사서, 기록관리분야, 데이터분야",다양한 학문을 접할 수 있는 기회;취업 선택의 폭 확장,학점 부담;시간적 부담 (추가학기 가능성),예,복수전공: 영어영문학과,기본이 되는 영어나 제2외국어를 복전하는 것이 언어적 측면에서 메리트가 있는 것 같아서,복전생 정보 부족,"정보학 (데이터 사이언스 개론, 정보검색론, 정보학개론 등)",,예 (현재 대학원 재학 중일 경우도 포함),자대 문헌정보학과;타대 문헌정보학과,졸업 후 바로,교사 자격증 취득,,사서직,,대학도서관,,4000만원 이상 4500만원 미만,1년,현직으로 계시는 선배들과의 적극적인 정보 공유,"민간 채용정보 사이트 (잡코리아, 사람인 등);본교 취업지원 센터 및 레인보우 시스템",아니다,메일 (개인 이메일을 통한 취업 정보 공유);졸업생과 재학생의 정기적 만남;직업 관련 강연,오픈채팅방(카카오톡 등);재학생/졸업생 비대면 만남 (ZOOM 등);재학생/졸업생 대면 만남;학과 인스타그램,,,,,,,,,,,,,,,,,,,,,,,,,,,,,,,,,,,,,,,,,,,,,,,,,,,,,,,,,,,,,,,,,,,,,,,,
2021/02/17 12:46:16 오후 GMT+9,여성,재학생 (대학원생 포함),2017,아니오,아니오,,아니오,,개인의 삶의 방향에 대한 가치관이 정립되지 않았음;문헌정보학 전공자가 진출 가능한 분야에 대한 정보 부족;본인이 아직 뭘 잘하는지 잘 모름;본인이 아직 뭘 좋아하는지 잘 모름,희망진로 없음,"관심분야가 무엇인지 모르겠다;진로에 대한 생각은 하고 있는데, 뚜렷한 방향을 잡을 수 없다",친구들과 의논한다;인터넷 검색을 한다;에브리타임에서 찾아본다;학교 취업 상담 센터를 활용한다;혼자 고민한다,워라밸,적성과 흥미,고용안정성,예,"학업성적;교내활동(동아리, 학생회, 학회, 스터디 등)",,"사서.
그외는 현실적으로 전공을 살리기 힘들다고 생각합니다. 사회에서 문헌정보학은 비상경계 취급이니까요.",취업 선택의 폭 확장,학습량 부담;시간적 부담 (추가학기 가능성);수강신청,예,경제학과,지원요건인 '상경계'인 기업의 지원자격을 갖추기 위해서,수강신청,"정보학 (데이터 사이언스 개론, 정보검색론, 정보학개론 등)",통계학,아니오,,,,연구에 관심 없음;빠른 취업. 집안사정.,사기업,경영/사무;IT/인터넷,,,2500만원 이상 3000만원 미만,2년,"일반취업을 희망하는 경우 학교의 취업프로그램을 활용하면 된다고 생각합니다.
사서직을 희망하는 학우들을 위한 스터디나 취업설명회, 커뮤니티가 있다면 좋을 것 같습니다.","민간 채용정보 사이트 (잡코리아, 사람인 등);인터넷 포털 사이트 (네이버, 다음 등);본교 취업지원 센터 및 레인보우 시스템",매우 아니다,메일 (개인 이메일을 통한 취업 정보 공유);학과 단톡,재학생/졸업생 비대면 만남 (ZOOM 등);재학생/졸업생 대면 만남,,,,,,,,,,,,,,,,,,,,,,,,,,,,,,,,,,,,,,,,,,,,,,,,,,,,,,,,,,,,,,,,,,,,,,,,
2021/02/17 1:07:39 오후 GMT+9,여성,재학생 (대학원생 포함),2020,아니오,예,사서;사서 교사,아니오,,개인의 삶의 방향에 대한 가치관이 정립되지 않았음;문헌정보학 전공자가 진출 가능한 분야에 대한 정보 부족;본인이 아직 뭘 잘하는지 잘 모름,방향을 그 길로 잡는 게 맞는 것인지 확신이 서지 않음. 교직이수 선발 인원이 너무 적음.,"진로에 대한 정보를 얻을 곳이 없다;진로에 대한 생각은 하고 있는데, 뚜렷한 방향을 잡을 수 없다",인터넷 검색을 한다,적성과 흥미,고용안정성,급여수준,아니오,,정해 둔 진로가 없어서,"사서, 사서교사, 데이터 분석가",취업 선택의 폭 확장,학점 부담;학습량 부담;시간적 부담 (추가학기 가능성);전문성 약화,예,"복수전공: 응용통계학과, 경제학부","응용통계: 정보랑 통계를 함께 배우면 시너지가 좋을 것 같아서.
경제학부: 경영경제 쪽이 취업의 길이 넓으니까.","아직 강의를 수강한 적이 없어서 현재 겪은 어려움은 강의 시간표 구성, 수강신청의 어려움 정도.","정보학 (데이터 사이언스 개론, 정보검색론, 정보학개론 등)",,아니오,,,,연구에 관심 없음,사서직,,"국가도서관 (국회, 국립중앙, 법원 도서관);공공도서관 (지자체, 교육청 소속 도서관 등)",,3500만원 이상 4000만원 미만,1년,,"인터넷 포털 사이트 (네이버, 다음 등);본교 취업지원 센터 및 레인보우 시스템",아니다,메일 (개인 이메일을 통한 취업 정보 공유);학과 단톡;졸업생과 재학생의 정기적 만남;직업 관련 강연,오픈채팅방(카카오톡 등);재학생/졸업생 대면 만남;학과 인스타그램,,,,,,,,,,,,,,,,,,,,,,,,,,,,,,,,,,,,,,,,,,,,,,,,,,,,,,,,,,,,,,,,,,,,,,,,
2021/02/17 9:12:54 오후 GMT+9,남성,졸업생,,,,,,,,,,,,,,,,,,,,,,,,,,,,,,,,,,,,,,,,,,2020.0,예,사서직,"공공도서관 (지자체, 교육청 소속 도서관 등)",,,보통,2000만원 이상 2500만원 미만,적성과 흥미,고용안정성,워라밸,예,급여 수준,워라밸,조직문화,1년,"각종 자격증 취득;봉사(사회기여) 활동;실습, 인턴;교내활동(동아리, 학생회, 학회, 스터디 등);대외활동(서포터즈, 학회, 동아리, 스터디 등)",고용 기회 부족,보통이다,아니오,,,,근무로 인해 시간이 없음,예,자대 문헌정보학과,매우 그렇다,"채용 과정(서류, 면접) 등에서 가점",전문성 약화,예,문화콘텐츠,"전공심화 과정 부담, 공공도서관 사서 지원 시 가점","문화콘텐츠 전공의 경우, 전문성이 약하고, 학문의 깊이가 깊지 않아서 생각보다 배운 내용이 적었음, 다시 하면 다른 다전공을 선택할 것 같음",,"사서, 콘텐츠 기획자, it 사무직",사서직군 관련 전공 교육 프로그램 / 데이터 직군 관련 스터디 혹은 인턴 ,"자료조직 (멀티미디어데이터관리, 자료조직연습 등)",도서관 문화프로그램 기획 / 목록 등 실제 db구축 업무 실습(실제 프로그램 활용) / 도서관 데이터 관련 프로젝트 기획,보통이다,오픈채팅방(카카오톡 등);재학생/졸업생 비대면 만남 (ZOOM 등);재학생/졸업생 대면 만남,,,,,,,,,,,,,,,,,,,,,,,,,,,,,,,,
2021/02/18 4:58:01 오후 GMT+9,여성,졸업생,,,,,,,,,,,,,,,,,,,,,,,,,,,,,,,,,,,,,,,,,,2021.0,아니오,,,,,,,,,,,,,,,,,,,,,,,,,,,,,,,,,,,,,,,사기업,,경영/사무;서비스,,"3,500만원 이상 4,000만원 미만",1년 미만,각종 자격증 취득;어학 준비,취업 정보 부족;고용 기회 부족;사회적 인식,자아 실현,사회적 인식,적성과 흥미,아니오,,,,연구에 관심이 없음,아니오,진학 의향 없음,보통이다,취업 선택의 폭 확장,학점 부담;시간적 부담 (추가학기 가능성),아니오,,,,시간적 여유가 안되어서,사서 및 정보를 다루는 모든 분야,사서뿐 아니라 다양한 진로 소개,"정보학 (데이터 사이언스개론, 정보학개론, 정보검색론 등)",정보에 대해 좀 더 심화깊은 교과과정,보통이다,학과 홈페이지
2021/02/18 5:02:55 오후 GMT+9,여성,졸업생,,,,,,,,,,,,,,,,,,,,,,,,,,,,,,,,,,,,,,,,,,2021.0,아니오,,,,,,,,,,,,,,,,,,,,,,,,,,,,,,,,,,,,,,,사서직,대학도서관,,,"3,000만원 이상 3,500만원 미만",1년 미만,"학업성적;각종 자격증 취득;어학 준비;실습, 인턴",고용 기회 부족,적성과 흥미,급여수준,고용안정성,아니오,,,,연구에 관심이 없음;높은 수업료;대학원에 대한 정보 부족,예,자대 문헌정보학과;타대 문헌정보학과,매우 그렇다,다양한 학문을 접할 수 있는 기회;취업 선택의 폭 확장;인맥 확장,학점 부담,예,복수전공 응용통계학과,통계배워보고 싶어서,없음,,사서,실무경험,"정보학 (데이터 사이언스개론, 정보학개론, 정보검색론 등)",,아니다,재학생/졸업생 비대면 만남 (ZOOM 등);재학생/졸업생 대면 만남;에브리타임
2021/02/18 5:04:33 오후 GMT+9,여성,졸업생,,,,,,,,,,,,,,,,,,,,,,,,,,,,,,,,,,,,,,,,,,2021.0,아니오,,,,,,,,,,,,,,,,,,,,,,,,,,,,,,,,,,,,,,,미정,,,,2000만원 이상 2500만원 미만,2년,각종 자격증 취득,취업 정보 부족;심리적 부담감;고용 기회 부족;사회적 인식,워라밸,조직문화,적성과 흥미,아니오,,,,연구에 관심이 없음,아니오,진학 의향 없음,그렇다,다양한 학문을 접할 수 있는 기회;취업 선택의 폭 확장,학점 부담;시간적 부담 (추가학기 가능성),예,복수전공: 중국어문학과,"중국어를 배운적이 있는데, 기존에 가진 지식을 확장시키기 위해서",시간표를 정할때 주전공과 다전공의 수업이 겹치는 경우가 있어 곤란한적이 있었음. ,,"사서, 기록 관련 직종, 미디어업계 등",도서관 외에 우리 학과에 관련된 다른 직종 소개 및 해당 직종에 종사중인 선배님과의 만남,"자료조직 (자료조직연습, 멀티미디어데이터관리 등)",,아니다,오픈채팅방 (카카오톡 등);학과 홈페이지;학과 인스타그램;에브리타임
2021/02/18 5:06:31 오후 GMT+9,남성,재학생 (대학원생 포함),2016,아니오,예,사서 교사;대학교 (교수 및 직원);일반 사기업;공기업,예,사서;대학교 (교수 및 직원),,다르지 않음,관심분야가 무엇인지 모르겠다;진로에 대한 정보를 얻을 곳이 없다,친구들과 의논한다;인터넷 검색을 한다;혼자 고민한다,적성과 흥미,고용안정성,워라밸,예,"학업성적;각종 자격증 취득;교내활동(동아리, 학생회, 학회, 스터디 등)",,개인의 역량에 따라 상이하다고 생각함. 완전한 이공계열 진로가 아닌 이상 무엇이든 도전할법하다고 생각,다양한 학문을 접할 수 있는 기회;취업 선택의 폭 확장,학점 부담;학습량 부담;시간적 부담 (추가학기 가능성),아니요,,,,기록관리학 (기록관리학개론 등),정보학 트랙 다양화 및 심화,예 (현재 대학원 재학 중일 경우도 포함),자대 문헌정보학과;타대 문헌정보학과,졸업 후 1년 이후 2년 미만,취업준비;전문성 강화,,사서직,,"국가도서관 (국회, 국립중앙, 법원 도서관);공공도서관 (지자체, 교육청 소속 도서관 등);대학도서관",,3500만원 이상 4000만원 미만,1년,실제 업계에 진출한 선배들과의 교류 및 프로그램을 통한 유용하고 실제적인 정보 습득 기회,"민간 채용정보 사이트 (잡코리아, 사람인 등)",매우 아니다,학과 홈페이지,재학생/졸업생 비대면 만남 (ZOOM 등);재학생/졸업생 대면 만남;학과 인스타그램,,,,,,,,,,,,,,,,,,,,,,,,,,,,,,,,,,,,,,,,,,,,,,,,,,,,,,,,,,,,,,,,,,,,,,,,
2021/02/18 8:17:53 오후 GMT+9,남성,졸업생,,,,,,,,,,,,,,,,,,,,,,,,,,,,,,,,,,,,,,,,,,2021.0,아니오,,,,,,,,,,,,,,,,,,,,,,,,,,,,,,,,,,,,,,,사서직,기타도서관,,,"3,000만원 이상 3,500만원 미만",1년 미만,"각종 자격증 취득;어학 준비;실습, 인턴",심리적 부담감;사회적 인식,급여수준,적성과 흥미,워라밸,아니오,,,,연구에 관심이 없음;높은 수업료;대학원에 대한 정보 부족,아니오,진학 의향 없음,매우 그렇다,다양한 학문을 접할 수 있는 기회;취업 선택의 폭 확장,학습량 부담,아니오,,,,확신의 부족,정보서비스를 다루는 모든 분야,잘 모르겠습니다,"서지학 (고문헌목록연습, 동양문헌의 이해, 서지학개론 등)",체계적인 기초 코딩,그렇다,오픈채팅방 (카카오톡 등)
2021/02/19 1:22:28 오전 GMT+9,남성,재학생 (대학원생 포함),2014,예 (2021년 입학예정 포함),예,데이터 전문가;공기업,예,사서 교사,,"처음에는 막연히 데이터를 공부해야지라고 생각했지만, 시간이 지나며 현실적인 진로를 고민하면서 내 성격, 추구하는 삶 등 다양한 요인을 생각하면서 바뀌게 되었습니다","진로에 대한 생각은 하고 있는데, 뚜렷한 방향을 잡을 수 없다",친구들과 의논한다;선배들과 의논한다;혼자 고민한다,워라밸,자아실현,사회적 인식,예,"학업성적;봉사(사회기여) 활동;교내활동(동아리, 학생회, 학회, 스터디 등)",,"사서
기록관리분야
데이터분야",다양한 학문을 접할 수 있는 기회;취업 선택의 폭 확장,학점 부담;학습량 부담;시간적 부담 (추가학기 가능성),아니요,,,,"정보학 (데이터 사이언스 개론, 정보검색론, 정보학개론 등)",,예 (현재 대학원 재학 중일 경우도 포함),타대 문헌정보학과,졸업 후 바로,취업준비;전문성 강화,,사서직,,"국가도서관 (국회, 국립중앙, 법원 도서관);기타 도서관",,2500만원 이상 3000만원 미만,1년,학회나 스터디가 필요하다고 생각합니다,"민간 채용정보 사이트 (잡코리아, 사람인 등)",보통이다,학과 인스타그램;학과 단톡;졸업생과 재학생의 정기적 만남;직업 관련 강연,오픈채팅방(카카오톡 등);재학생/졸업생 대면 만남,,,,,,,,,,,,,,,,,,,,,,,,,,,,,,,,,,,,,,,,,,,,,,,,,,,,,,,,,,,,,,,,,,,,,,,,
2021/02/19 4:57:12 오후 GMT+9,여성,재학생 (대학원생 포함),2019,아니오,아니오,,예,사서;데이터 전문가;개발자 (프로그래머);데이터사이언티스트,,관심분야가 생겼다,"진로에 대한 정보를 얻을 곳이 없다;진로에 대한 생각은 하고 있는데, 뚜렷한 방향을 잡을 수 없다",선배들과 의논한다;인터넷 검색을 한다;학교 취업 상담 센터를 활용한다;혼자 고민한다,적성과 흥미,사회적 인식,급여수준,예,"학업성적;교내활동(동아리, 학생회, 학회, 스터디 등);대외활동(서포터즈, 학회, 동아리, 스터디 등)",,"사서, 그 외에는 확실하게는 모르겠다",다양한 학문을 접할 수 있는 기회;취업 선택의 폭 확장,학습량 부담;시간적 부담 (추가학기 가능성),예,응용통계학과,전공 수업 중 비슷한 배우는 내용이 있다고 생각이 들었다,혼자서 해야한다는 점,"정보학 (데이터 사이언스 개론, 정보검색론, 정보학개론 등)",정보분야,아니오,,,,아직 잘 모르겠다,공기업,경영/사무;IT/인터넷;서비스,,,4000만원 이상 4500만원 미만,1년,선배들의 취업 스토리 듣기,"인터넷 포털 사이트 (네이버, 다음 등);본교 취업지원 센터 및 레인보우 시스템",보통이다,학과 인스타그램;메일 (개인 이메일을 통한 취업 정보 공유);학과 단톡;졸업생과 재학생의 정기적 만남,오픈채팅방(카카오톡 등);재학생/졸업생 대면 만남;학과 홈페이지;학과 인스타그램;에브리타임,,,,,,,,,,,,,,,,,,,,,,,,,,,,,,,,,,,,,,,,,,,,,,,,,,,,,,,,,,,,,,,,,,,,,,,,
2021/02/20 3:20:01 오후 GMT+9,여성,재학생 (대학원생 포함),2021,아니오,예,사서;사서 교사,예,사서;사서 교사;대학교 (교수 및 직원),,다르지 않음. 여전히 사서 혹은 사서교사가 되어 추진해 나가고 싶은 여러 활동이 있음,"진로에 대한 정보를 얻을 곳이 없다;진로에 대한 생각은 하고 있는데, 뚜렷한 방향을 잡을 수 없다",인터넷 검색을 한다;혼자 고민한다,적성과 흥미,워라밸,급여수준,아니오,,"정해둔 진로는 있는데, 뭘 해야할지 잘 몰라서","사서, 사서교사, 빅데이터 전문가",다양한 학문을 접할 수 있는 기회;취업 선택의 폭 확장;인맥 확장,학점 부담;학습량 부담;시간적 부담 (추가학기 가능성),아니요,,,,"도서관경영 (도서관 경영론, 도서관 마케팅론 등)",아직 잘 모르겠습니다.,예 (현재 대학원 재학 중일 경우도 포함),자대 문헌정보학과,졸업 후 바로,자기계발;전문성 강화,,사서직,,"국가도서관 (국회, 국립중앙, 법원 도서관);공공도서관 (지자체, 교육청 소속 도서관 등);작은도서관;대학도서관;기타 도서관",,3000만원 이상 3500만원 미만,2년,잘모르겠음,"인터넷 포털 사이트 (네이버, 다음 등)",보통이다,학과 인스타그램;학과 단톡;졸업생과 재학생의 정기적 만남;직업 관련 강연,오픈채팅방(카카오톡 등);재학생/졸업생 비대면 만남 (ZOOM 등);재학생/졸업생 대면 만남,,,,,,,,,,,,,,,,,,,,,,,,,,,,,,,,,,,,,,,,,,,,,,,,,,,,,,,,,,,,,,,,,,,,,,,,
2021/02/20 10:39:35 오후 GMT+9,여성,재학생 (대학원생 포함),2019,아니오,예,사서;사서 교사;데이터 전문가;언론인,예,사서;데이터 전문가;공기업;공무원,,현실을 고려 하게 됨. 티오와 내 성향을 생각하며 포기한 것들이 있었음,"진로에 대한 정보를 얻을 곳이 없다;진로에 대한 생각은 하고 있는데, 뚜렷한 방향을 잡을 수 없다",인터넷 검색을 한다;에브리타임에서 찾아본다;학교 취업 상담 센터를 활용한다;혼자 고민한다,적성과 흥미,워라밸,고용안정성,예,"학업성적;교내활동(동아리, 학생회, 학회, 스터디 등)",,"사서, 데이터 사이언티스트, 공무원",다양한 학문을 접할 수 있는 기회;취업 선택의 폭 확장,학점 부담;시간적 부담 (추가학기 가능성),예,소프트웨어학부,취업 생각해서,여석이 안난다 정보 얻기가 힘들다 학습량이 많다,"도서관경영 (도서관 경영론, 도서관 마케팅론 등)",,아니오,,,,연구에 관심 없음;높은 수업료,사서직,,"국가도서관 (국회, 국립중앙, 법원 도서관);대학도서관",,3000만원 이상 3500만원 미만,1년 이내,"취업 로드맵 구축, 선배들과의 만남","민간 채용정보 사이트 (잡코리아, 사람인 등);인터넷 포털 사이트 (네이버, 다음 등)",아니다,학과 홈페이지;졸업생과 재학생의 정기적 만남;직업 관련 강연,오픈채팅방(카카오톡 등);재학생/졸업생 비대면 만남 (ZOOM 등);재학생/졸업생 대면 만남;에브리타임,,,,,,,,,,,,,,,,,,,,,,,,,,,,,,,,,,,,,,,,,,,,,,,,,,,,,,,,,,,,,,,,,,,,,,,,
2021/02/21 3:11:42 오후 GMT+9,여성,재학생 (대학원생 포함),2020,아니오,예,사서;사서 교사;공무원,예,사서;사서 교사;데이터 전문가;공무원,,크게 다르지 않음. 다양한 활동을 해보면서 흥미가 생긴 분야와 관련된 진로에 대한 꿈이 하나 더 생겼기 때문.,진로에 대한 정보를 얻을 곳이 없다,교수님께 상담 신청을 한다;인터넷 검색을 한다,고용안정성,자아실현,워라밸,예,"각종 자격증 취득;어학 준비;교내활동(동아리, 학생회, 학회, 스터디 등)",,한계가 없다고 생각합니다!,다양한 학문을 접할 수 있는 기회;취업 선택의 폭 확장,학점 부담;시간적 부담 (추가학기 가능성),아니요,,,,"도서관경영 (도서관 경영론, 도서관 마케팅론 등)",출판과 관련된 교육과정이 있었으면 좋겠습니다.,아니오,,,,연구에 관심 없음,사서직,,"국가도서관 (국회, 국립중앙, 법원 도서관);공공도서관 (지자체, 교육청 소속 도서관 등)",,3500만원 이상 4000만원 미만,2년,,"인터넷 포털 사이트 (네이버, 다음 등);본교 취업지원 센터 및 레인보우 시스템",보통이다,메일 (개인 이메일을 통한 취업 정보 공유);학과 단톡;졸업생과 재학생의 정기적 만남,오픈채팅방(카카오톡 등);재학생/졸업생 비대면 만남 (ZOOM 등);재학생/졸업생 대면 만남;학과 홈페이지,,,,,,,,,,,,,,,,,,,,,,,,,,,,,,,,,,,,,,,,,,,,,,,,,,,,,,,,,,,,,,,,,,,,,,,,
2021/02/21 11:59:55 오후 GMT+9,남성,졸업생,,,,,,,,,,,,,,,,,,,,,,,,,,,,,,,,,,,,,,,,,,2020.0,예,사기업,,영업 · 고객상담,,보통,3500만원 이상 4000만원 미만,급여 수준,고용안정성,워라밸,예,워라밸,급여 수준,조직문화,1년,"각종 자격증 취득;어학 준비;실습, 인턴",경제적 어려움;취업 정보 부족;심리적 부담감;고용 기회 부족,그렇지 않다,아니오,,,,높은 수업료,예,타대 타과,그렇다,취업 선택의 폭 확장,시간적 부담 (추가학기 가능성),예,역사학과,정보학과 관련된 수업을 희망하였기 때문입니다. ,정보 부족,,"사서직, 정보전문가, 공무원, 데이터관련 직군",여러 직군 및 분야에 진출한 선배와의 만남,"정보학 (데이터 사이언스 개론, 정보학개론, 정보검색론 등)",정보학에 대한 다양한 커리큘럼 ,보통이다,재학생/졸업생 비대면 만남 (ZOOM 등);재학생/졸업생 대면 만남,,,,,,,,,,,,,,,,,,,,,,,,,,,,,,,,
2021/02/22 2:17:31 오후 GMT+9,선택 안함,재학생 (대학원생 포함),2020,아니오,예,사서;사서 교사;기록물 관리자,아니오,,개인의 삶의 방향에 대한 가치관이 정립되지 않았음;본인이 아직 뭘 잘하는지 잘 모름;본인이 아직 뭘 좋아하는지 잘 모름,"입학 당시 사서와 공무원 쪽으로만 진로를 계획했었는데 과연 이 진로가 내가 원하는 방향이 맞는 것인가에 대한 의문, 다양한 진로를 경험해보고 싶다는 욕구로 인해 희망진로에 대한 혼란","관심분야가 무엇인지 모르겠다;진로에 대한 생각은 하고 있는데, 뚜렷한 방향을 잡을 수 없다",혼자 고민한다;부모님과 의논,고용안정성,적성과 흥미,조직문화,예,학업성적;각종 자격증 취득,,"문헌과 관련된 모든 진로, 정보 처리에 관한 진로",다양한 학문을 접할 수 있는 기회;취업 선택의 폭 확장,학점 부담;학습량 부담;시간적 부담 (추가학기 가능성),아니요,,,,"정보학 (데이터 사이언스 개론, 정보검색론, 정보학개론 등)",,아니오,,,,높은 수업료,사서직,,"국가도서관 (국회, 국립중앙, 법원 도서관);공공도서관 (지자체, 교육청 소속 도서관 등);대학도서관;기타 도서관",,3000만원 이상 3500만원 미만,1년 이내,,"민간 채용정보 사이트 (잡코리아, 사람인 등);인터넷 포털 사이트 (네이버, 다음 등)",보통이다,학과 인스타그램;학과 홈페이지;학과 단톡;졸업생과 재학생의 정기적 만남;직업 관련 강연,오픈채팅방(카카오톡 등);재학생/졸업생 대면 만남,,,,,,,,,,,,,,,,,,,,,,,,,,,,,,,,,,,,,,,,,,,,,,,,,,,,,,,,,,,,,,,,,,,,,,,,
2021/02/24 2:03:15 오후 GMT+9,여성,재학생 (대학원생 포함),2021,아니오,예,사서;사서 교사;대학교 (교수 및 직원);공무원;국회도서관/의학도서관 사서,예,사서;사서 교사;대학교 (교수 및 직원);공무원;국회도서관/의학도서관 사서,,다르지않음(새내기라 현재가 입학 당시입니다),"진로에 대한 정보를 얻을 곳이 없다;진로에 대한 생각은 하고 있는데, 뚜렷한 방향을 잡을 수 없다",친구들과 의논한다;인터넷 검색을 한다;혼자 고민한다;네이버 카페 사서 커뮤니티 이용,급여수준,고용안정성,자아실현,아니오,,"정해둔 진로는 있는데, 뭘 해야할지 잘 몰라서;정해 둔 진로가 없어서",사서 쪽 외에도 다양한 진로를 희망할 수 있다고 생각한다.,다양한 학문을 접할 수 있는 기회;취업 선택의 폭 확장,학점 부담;학습량 부담;시간적 부담 (추가학기 가능성),아니요,,,,"정보학 (데이터 사이언스 개론, 정보검색론, 정보학개론 등)",,예 (현재 대학원 재학 중일 경우도 포함),자대 문헌정보학과;타대 문헌정보학과,졸업 후 바로,자기계발;전문성 강화,,사서직,,"국가도서관 (국회, 국립중앙, 법원 도서관);공공도서관 (지자체, 교육청 소속 도서관 등);대학도서관",,4000만원 이상 4500만원 미만,3년,자격증 취득에 도움이 되는 프로그램,"민간 채용정보 사이트 (잡코리아, 사람인 등);인터넷 포털 사이트 (네이버, 다음 등)",보통이다,메일 (개인 이메일을 통한 취업 정보 공유);학과 단톡;졸업생과 재학생의 정기적 만남,오픈채팅방(카카오톡 등);재학생/졸업생 비대면 만남 (ZOOM 등);재학생/졸업생 대면 만남,,,,,,,,,,,,,,,,,,,,,,,,,,,,,,,,,,,,,,,,,,,,,,,,,,,,,,,,,,,,,,,,,,,,,,,,
2021/03/03 2:19:31 오전 GMT+9,여성,재학생 (대학원생 포함),2021,아니오,아니오,,아니오,,본인이 아직 뭘 잘하는지 잘 모름;본인이 아직 뭘 좋아하는지 잘 모름,j,"관심분야가 무엇인지 모르겠다;진로에 대한 생각은 하고 있는데, 뚜렷한 방향을 잡을 수 없다",인터넷 검색을 한다;에브리타임에서 찾아본다;혼자 고민한다,고용안정성,급여수준,사회적 인식,예,"학업성적;각종 자격증 취득;대외활동(서포터즈, 학회, 동아리, 스터디 등)",,사서,다양한 학문을 접할 수 있는 기회;취업 선택의 폭 확장,학점 부담;학습량 부담;시간적 부담 (추가학기 가능성),아니요,,,,"정보학 (데이터 사이언스 개론, 정보검색론, 정보학개론 등)",,아니오,,,,연구에 관심 없음,공기업,경영/사무;IT/인터넷,,,4000만원 이상 4500만원 미만,1년 이내,,본교 취업지원 센터 및 레인보우 시스템,아니다,학과 단톡,재학생/졸업생 대면 만남;에브리타임,,,,,,,,,,,,,,,,,,,,,,,,,,,,,,,,,,,,,,,,,,,,,,,,,,,,,,,,,,,,,,,,,,,,,,,,
